run_id,implementation,storage_format,portfolio_scale,phase,rep,elapsed_sec,load_prices_sec,align_weights_sec,compute_metrics_sec,total_sec,io_read_mb,io_read_syscalls,cpu_mean_pct,cpu_peak_pct,cpu_p90_pct,rss_peak_mb,rss_mean_mb,cache_dropped
0041703c-91a5-44eb-952c-a16187b52d17,rust_rayon,parquet_wide_uncompressed,1000000,2_storage_opt,0,2.104981,0.005483,0.043698,2.055596,2.104777,0.0,176,88.5,100.0,100.0,2419.2,2355.4,False
0041703c-91a5-44eb-952c-a16187b52d17,rust_rayon,parquet_wide_uncompressed,1000000,2_storage_opt,1,2.105775,0.004894,0.047683,2.052987,2.1055639999999998,0.0,175,88.8,100.0,100.0,2420.6,2356.1,False
0041703c-91a5-44eb-952c-a16187b52d17,rust_rayon,parquet_wide_uncompressed,1000000,2_storage_opt,2,2.104315,0.004751,0.044335,2.055071,2.104157,0.0,175,88.9,100.0,100.0,2421.3,2357.9,False
0041703c-91a5-44eb-952c-a16187b52d17,rust_rayon,parquet_wide_uncompressed,1000000,2_storage_opt,3,2.117863,0.004744,0.043582,2.069377,2.1177029999999997,0.0,175,87.8,100.0,100.0,2422.0,2367.7,False
0041703c-91a5-44eb-952c-a16187b52d17,rust_rayon,parquet_wide_uncompressed,1000000,2_storage_opt,4,2.10604,0.004696,0.042725,2.058465,2.105886,0.0,175,88.7,100.0,100.0,2422.5,2359.5,False
01312e54-5199-4da8-9322-c7d89ec39131,numba_parallel,parquet_wide_uncompressed,100,2_storage_opt,0,0.005197,0.004505,0.000276,0.000212,0.004993000000000001,0.0,10,7.1,7.1,7.1,240.4,240.4,False
01312e54-5199-4da8-9322-c7d89ec39131,numba_parallel,parquet_wide_uncompressed,100,2_storage_opt,1,0.00404,0.003449,0.000278,0.000173,0.0039,0.0,9,0.0,0.0,0.0,242.5,242.5,False
01312e54-5199-4da8-9322-c7d89ec39131,numba_parallel,parquet_wide_uncompressed,100,2_storage_opt,2,0.004098,0.003246,0.000568,0.000188,0.004002,0.0,9,8.3,8.3,8.3,243.1,243.1,False
01312e54-5199-4da8-9322-c7d89ec39131,numba_parallel,parquet_wide_uncompressed,100,2_storage_opt,3,0.003817,0.003313,0.000231,0.000175,0.0037189999999999996,0.0,9,16.7,16.7,16.7,243.4,243.4,False
01312e54-5199-4da8-9322-c7d89ec39131,numba_parallel,parquet_wide_uncompressed,100,2_storage_opt,4,0.003747,0.003219,0.000249,0.000187,0.0036550000000000003,0.0,9,0.0,0.0,0.0,243.9,243.9,False
0139b287-96ef-4cb5-8367-d9b202795500,cpp_openmp,parquet_wide_uncompressed,1000000,2_storage_opt,0,1.217897,0.004499,0.100383,1.105462,1.2103439999999999,0.0,105,65.3,100.0,100.0,2951.6,2780.4,False
0139b287-96ef-4cb5-8367-d9b202795500,cpp_openmp,parquet_wide_uncompressed,1000000,2_storage_opt,1,1.189309,0.004716,0.103381,1.073056,1.1811530000000001,0.0,103,68.2,100.0,100.0,2954.2,2775.8,False
0139b287-96ef-4cb5-8367-d9b202795500,cpp_openmp,parquet_wide_uncompressed,1000000,2_storage_opt,2,1.18576,0.004536,0.10346,1.070122,1.178118,0.0,101,69.2,100.0,100.0,2954.4,2797.7,False
0139b287-96ef-4cb5-8367-d9b202795500,cpp_openmp,parquet_wide_uncompressed,1000000,2_storage_opt,3,1.255541,0.004746,0.101753,1.140468,1.246967,0.0,107,67.4,100.0,100.0,2954.4,2785.2,False
0139b287-96ef-4cb5-8367-d9b202795500,cpp_openmp,parquet_wide_uncompressed,1000000,2_storage_opt,4,1.248385,0.004209,0.105891,1.129388,1.2394880000000001,0.0,107,65.2,100.0,100.0,2954.4,2782.4,False
073642a1-2625-401a-9b64-b98e97f9ff75,rust_rayon,parquet_wide_uncompressed,1000,2_storage_opt,0,0.006912,0.004052,0.000323,0.002371,0.006746,0.0,10,31.6,31.6,31.6,126.1,126.1,False
073642a1-2625-401a-9b64-b98e97f9ff75,rust_rayon,parquet_wide_uncompressed,1000,2_storage_opt,1,0.006462,0.003358,0.00027,0.002657,0.006285,0.0,9,42.1,42.1,42.1,127.2,127.2,False
073642a1-2625-401a-9b64-b98e97f9ff75,rust_rayon,parquet_wide_uncompressed,1000,2_storage_opt,2,0.006925,0.003777,0.000269,0.002605,0.006651000000000001,0.0,9,40.0,40.0,40.0,127.8,127.8,False
073642a1-2625-401a-9b64-b98e97f9ff75,rust_rayon,parquet_wide_uncompressed,1000,2_storage_opt,3,0.007228,0.003867,0.0003,0.002727,0.006894000000000001,0.0,9,40.9,40.9,40.9,128.1,128.1,False
073642a1-2625-401a-9b64-b98e97f9ff75,rust_rayon,parquet_wide_uncompressed,1000,2_storage_opt,4,0.007602,0.004032,0.00027,0.002898,0.0072,0.0,9,31.6,31.6,31.6,128.6,128.6,False
0c27095a-acbc-44ef-b7f0-7731c999002a,numpy_vectorised,parquet_wide_uncompressed,100,2_storage_opt,0,0.010713,0.009961,0.00032,0.000362,0.010643,0.0,9,96.8,96.8,96.8,1220.3,1220.3,False
0c27095a-acbc-44ef-b7f0-7731c999002a,numpy_vectorised,parquet_wide_uncompressed,100,2_storage_opt,1,0.006676,0.004253,0.000307,0.000349,0.004909,0.0,9,100.0,100.0,100.0,1220.3,1220.3,False
0c27095a-acbc-44ef-b7f0-7731c999002a,numpy_vectorised,parquet_wide_uncompressed,100,2_storage_opt,2,0.005314,0.004301,0.0003,0.000346,0.004947,0.0,9,100.0,100.0,100.0,1220.3,1220.3,False
0c27095a-acbc-44ef-b7f0-7731c999002a,numpy_vectorised,parquet_wide_uncompressed,100,2_storage_opt,3,0.005511,0.004266,0.00034,0.000346,0.004952,0.0,9,100.0,100.0,100.0,1220.3,1220.3,False
0c27095a-acbc-44ef-b7f0-7731c999002a,numpy_vectorised,parquet_wide_uncompressed,100,2_storage_opt,4,0.017826,0.005954,0.000318,0.010998,0.01727,0.0,9,100.0,100.0,100.0,1220.3,1220.3,False
152665a6-ff23-480b-a548-34f20329f65d,rust_rayon,parquet_wide_uncompressed,100000,2_storage_opt,0,0.220498,0.004664,0.010279,0.204606,0.21954900000000002,0.0,26,84.4,100.0,100.0,325.6,308.7,False
152665a6-ff23-480b-a548-34f20329f65d,rust_rayon,parquet_wide_uncompressed,100000,2_storage_opt,1,0.220555,0.004514,0.010135,0.204922,0.219571,0.0,25,84.7,100.0,100.0,328.7,312.6,False
152665a6-ff23-480b-a548-34f20329f65d,rust_rayon,parquet_wide_uncompressed,100000,2_storage_opt,2,0.225165,0.004402,0.010402,0.209293,0.22409700000000002,0.0,25,84.4,100.0,100.0,329.3,313.2,False
152665a6-ff23-480b-a548-34f20329f65d,rust_rayon,parquet_wide_uncompressed,100000,2_storage_opt,3,0.224318,0.004174,0.010592,0.20849,0.223256,0.0,25,82.4,98.6,97.6,329.9,313.7,False
152665a6-ff23-480b-a548-34f20329f65d,rust_rayon,parquet_wide_uncompressed,100000,2_storage_opt,4,0.220194,0.004704,0.010254,0.203984,0.218942,0.0,25,84.7,100.0,100.0,330.4,314.2,False
1bc4886d-339f-489c-9791-55244c2e779e,rust_rayon,parquet_wide_uncompressed,1000000,2_storage_opt,0,2.167987,0.004965,0.105192,2.049217,2.159374,0.0,179,86.2,100.0,100.0,2960.4,2860.2,False
1bc4886d-339f-489c-9791-55244c2e779e,rust_rayon,parquet_wide_uncompressed,1000000,2_storage_opt,1,2.162572,0.004603,0.099348,2.049548,2.153499,0.0,179,86.9,100.0,100.0,2963.2,2866.5,False
1bc4886d-339f-489c-9791-55244c2e779e,rust_rayon,parquet_wide_uncompressed,1000000,2_storage_opt,2,2.156249,0.004994,0.100331,2.041256,2.1465810000000003,0.0,179,86.9,100.0,100.0,2963.5,2865.8,False
1bc4886d-339f-489c-9791-55244c2e779e,rust_rayon,parquet_wide_uncompressed,1000000,2_storage_opt,3,2.155564,0.004478,0.099821,2.041436,2.145735,0.0,179,86.9,100.0,100.0,2963.5,2866.5,False
1bc4886d-339f-489c-9791-55244c2e779e,rust_rayon,parquet_wide_uncompressed,1000000,2_storage_opt,4,2.158659,0.004129,0.100412,2.044841,2.149382,0.0,179,87.1,100.0,100.0,2963.6,2866.5,False
1c14e809-2f3f-42a5-8fd9-0fd93c4d2f34,numpy_vectorised,parquet_wide_zstd,1000000,2_storage_opt,0,5.661548,0.003992,0.042871,5.614521,5.661384,0.0,431,17.7,100.0,100.0,21996.9,15161.1,False
1c14e809-2f3f-42a5-8fd9-0fd93c4d2f34,numpy_vectorised,parquet_wide_zstd,1000000,2_storage_opt,1,5.68848,0.004181,0.042778,5.641367,5.688326,0.0,433,17.8,100.0,99.7,22003.6,15169.1,False
1c14e809-2f3f-42a5-8fd9-0fd93c4d2f34,numpy_vectorised,parquet_wide_zstd,1000000,2_storage_opt,2,5.704807,0.004209,0.043243,5.657209,5.704661,0.0,433,17.8,100.0,100.0,22003.7,15148.1,False
1c14e809-2f3f-42a5-8fd9-0fd93c4d2f34,numpy_vectorised,parquet_wide_zstd,1000000,2_storage_opt,3,5.652619,0.004261,0.043293,5.604909,5.652463,0.0,431,17.7,100.0,99.6,22004.5,15138.5,False
1c14e809-2f3f-42a5-8fd9-0fd93c4d2f34,numpy_vectorised,parquet_wide_zstd,1000000,2_storage_opt,4,5.665664,0.004297,0.042767,5.618449,5.665513,0.0,431,17.4,100.0,95.6,22004.8,15161.0,False
1d9ee547-50cb-459f-89b5-326f48ab0ad7,rust_rayon,parquet_wide_uncompressed,1000,2_storage_opt,0,0.007295,0.00346,0.000318,0.003417,0.007195,0.0,9,55.0,55.0,55.0,1057.7,1057.7,False
1d9ee547-50cb-459f-89b5-326f48ab0ad7,rust_rayon,parquet_wide_uncompressed,1000,2_storage_opt,1,0.009325,0.006125,0.000683,0.002374,0.009182,0.0,9,50.0,50.0,50.0,1057.7,1057.7,False
1d9ee547-50cb-459f-89b5-326f48ab0ad7,rust_rayon,parquet_wide_uncompressed,1000,2_storage_opt,2,0.00877,0.005598,0.000684,0.002386,0.008667999999999999,0.0,9,40.7,40.7,40.7,1057.7,1057.7,False
1d9ee547-50cb-459f-89b5-326f48ab0ad7,rust_rayon,parquet_wide_uncompressed,1000,2_storage_opt,3,0.007943,0.003741,0.00032,0.003786,0.007847,0.0,9,50.0,50.0,50.0,1057.8,1057.8,False
1d9ee547-50cb-459f-89b5-326f48ab0ad7,rust_rayon,parquet_wide_uncompressed,1000,2_storage_opt,4,0.008762,0.005663,0.000689,0.002293,0.008645,0.0,9,38.5,38.5,38.5,1057.8,1057.8,False
1e2cb7dd-2d5c-420c-8dbd-214da828e156,numpy_vectorised,csv_wide,100,1_csv_baseline,0,0.013285,0.012035,0.000322,0.000844,0.013201,0.0,17,100.0,100.0,100.0,1157.0,1157.0,False
1e2cb7dd-2d5c-420c-8dbd-214da828e156,numpy_vectorised,csv_wide,100,1_csv_baseline,1,0.013619,0.012244,0.000322,0.000366,0.012931999999999999,0.0,17,100.0,100.0,100.0,1157.0,1157.0,False
1e2cb7dd-2d5c-420c-8dbd-214da828e156,numpy_vectorised,csv_wide,100,1_csv_baseline,2,0.01276,0.011555,0.000313,0.000372,0.012240000000000001,0.0,17,100.0,100.0,100.0,1157.0,1157.0,False
1e2cb7dd-2d5c-420c-8dbd-214da828e156,numpy_vectorised,csv_wide,100,1_csv_baseline,3,0.012019,0.011298,0.000305,0.000352,0.011955,0.0,17,100.0,100.0,100.0,1157.0,1157.0,False
1e2cb7dd-2d5c-420c-8dbd-214da828e156,numpy_vectorised,csv_wide,100,1_csv_baseline,4,0.01554,0.011325,0.000312,0.00384,0.015477,0.0,17,100.0,100.0,100.0,1157.0,1157.0,False
238a9491-b29e-4ac7-ac6d-0920bb2cddfa,rust_rayon,parquet_wide_uncompressed,1000000,2_storage_opt,0,2.096548,0.004575,0.042703,2.049034,2.0963119999999997,0.0,176,89.1,100.0,100.0,2421.6,2359.3,False
238a9491-b29e-4ac7-ac6d-0920bb2cddfa,rust_rayon,parquet_wide_uncompressed,1000000,2_storage_opt,1,2.103006,0.004258,0.042406,2.056146,2.10281,0.0,175,89.2,100.0,100.0,2425.5,2363.1,False
238a9491-b29e-4ac7-ac6d-0920bb2cddfa,rust_rayon,parquet_wide_uncompressed,1000000,2_storage_opt,2,2.102018,0.004433,0.043881,2.053487,2.101801,0.0,175,89.0,100.0,100.0,2426.2,2362.7,False
238a9491-b29e-4ac7-ac6d-0920bb2cddfa,rust_rayon,parquet_wide_uncompressed,1000000,2_storage_opt,3,2.108824,0.004228,0.043159,2.061329,2.1087160000000003,0.0,175,88.6,100.0,100.0,2426.9,2363.6,False
238a9491-b29e-4ac7-ac6d-0920bb2cddfa,rust_rayon,parquet_wide_uncompressed,1000000,2_storage_opt,4,2.106377,0.005217,0.043597,2.057438,2.106252,0.0,175,89.0,100.0,100.0,2427.1,2363.6,False
2ce70b74-7986-49a6-a251-590b40930ff7,cpp_openmp,parquet_wide_uncompressed,100000,2_storage_opt,0,0.129875,0.004985,0.010405,0.113365,0.12875499999999998,0.0,20,69.2,100.0,100.0,324.7,299.3,False
2ce70b74-7986-49a6-a251-590b40930ff7,cpp_openmp,parquet_wide_uncompressed,100000,2_storage_opt,1,0.126464,0.004853,0.010298,0.110356,0.125507,0.0,17,68.1,100.0,100.0,327.9,298.5,False
2ce70b74-7986-49a6-a251-590b40930ff7,cpp_openmp,parquet_wide_uncompressed,100000,2_storage_opt,2,0.127079,0.00461,0.010256,0.111191,0.126057,0.0,19,63.9,100.0,100.0,328.5,285.1,False
2d5656f5-e732-4a52-8acf-86ade3a04cee,numba_parallel,parquet_wide_uncompressed,1000,2_storage_opt,0,0.005251,0.003585,0.000252,0.001275,0.005112,0.0,9,20.0,20.0,20.0,245.0,245.0,False
2d5656f5-e732-4a52-8acf-86ade3a04cee,numba_parallel,parquet_wide_uncompressed,1000,2_storage_opt,1,0.005307,0.003669,0.00026,0.001249,0.005178,0.0,9,14.3,14.3,14.3,245.4,245.4,False
2d5656f5-e732-4a52-8acf-86ade3a04cee,numba_parallel,parquet_wide_uncompressed,1000,2_storage_opt,2,0.005496,0.003874,0.000277,0.001222,0.005373,0.0,9,20.0,20.0,20.0,245.8,245.8,False
2d5656f5-e732-4a52-8acf-86ade3a04cee,numba_parallel,parquet_wide_uncompressed,1000,2_storage_opt,3,0.005298,0.003702,0.000262,0.001218,0.005181999999999999,0.0,9,20.0,20.0,20.0,246.1,246.1,False
2d5656f5-e732-4a52-8acf-86ade3a04cee,numba_parallel,parquet_wide_uncompressed,1000,2_storage_opt,4,0.005123,0.003526,0.000246,0.001238,0.0050100000000000006,0.0,9,26.7,26.7,26.7,246.5,246.5,False
2e254f23-f1d0-4ae9-ae34-d05e9a91d290,cpp_openmp,parquet_wide_uncompressed,1000,2_storage_opt,0,0.006312,0.004467,0.000316,0.001365,0.006148,0.0,10,21.1,21.1,21.1,125.6,125.6,False
2e254f23-f1d0-4ae9-ae34-d05e9a91d290,cpp_openmp,parquet_wide_uncompressed,1000,2_storage_opt,1,0.005661,0.0039,0.000272,0.001362,0.005533999999999999,0.0,9,18.7,18.7,18.7,126.8,126.8,False
2e254f23-f1d0-4ae9-ae34-d05e9a91d290,cpp_openmp,parquet_wide_uncompressed,1000,2_storage_opt,2,0.005849,0.004145,0.00027,0.001311,0.005726,0.0,9,17.6,17.6,17.6,127.3,127.3,False
2ea9afcd-d121-45c6-8493-884d4da8cc30,numba_parallel,parquet_wide_uncompressed,100,2_storage_opt,0,0.005714,0.005051,0.000269,0.000213,0.005533,0.0,10,16.7,16.7,16.7,240.3,240.3,False
2ea9afcd-d121-45c6-8493-884d4da8cc30,numba_parallel,parquet_wide_uncompressed,100,2_storage_opt,1,0.004245,0.003714,0.000241,0.000191,0.004146,0.0,9,0.0,0.0,0.0,242.3,242.3,False
2ea9afcd-d121-45c6-8493-884d4da8cc30,numba_parallel,parquet_wide_uncompressed,100,2_storage_opt,2,0.004581,0.003654,0.000595,0.000205,0.0044540000000000005,0.0,9,8.3,8.3,8.3,242.8,242.8,False
2ea9afcd-d121-45c6-8493-884d4da8cc30,numba_parallel,parquet_wide_uncompressed,100,2_storage_opt,3,0.004177,0.003663,0.000235,0.000178,0.004076,0.0,9,8.3,8.3,8.3,243.3,243.3,False
2ea9afcd-d121-45c6-8493-884d4da8cc30,numba_parallel,parquet_wide_uncompressed,100,2_storage_opt,4,0.003956,0.003456,0.000221,0.000183,0.0038599999999999997,0.0,9,21.4,21.4,21.4,243.7,243.7,False
2f958ffa-9816-49bf-bd2f-36fce7bff282,numpy_vectorised,parquet_wide_zstd,100000,2_storage_opt,0,0.566246,0.004084,0.0046,0.557398,0.566082,0.0,51,28.2,100.0,100.0,3127.6,2447.4,False
2f958ffa-9816-49bf-bd2f-36fce7bff282,numpy_vectorised,parquet_wide_zstd,100000,2_storage_opt,1,0.571658,0.004348,0.00455,0.562592,0.5714899999999999,0.0,51,29.4,100.0,100.0,3127.6,2443.1,False
2f958ffa-9816-49bf-bd2f-36fce7bff282,numpy_vectorised,parquet_wide_zstd,100000,2_storage_opt,2,0.571385,0.004446,0.004634,0.562146,0.571226,0.0,51,28.9,100.0,100.0,3127.7,2444.2,False
2f958ffa-9816-49bf-bd2f-36fce7bff282,numpy_vectorised,parquet_wide_zstd,100000,2_storage_opt,3,0.603658,0.004128,0.004661,0.594721,0.6035100000000001,0.0,55,27.3,100.0,100.0,3128.2,2411.0,False
2f958ffa-9816-49bf-bd2f-36fce7bff282,numpy_vectorised,parquet_wide_zstd,100000,2_storage_opt,4,0.572156,0.003954,0.004679,0.563375,0.572008,0.0,51,28.5,100.0,100.0,3128.3,2449.4,False
356ff538-4054-4170-a822-57d41b314536,rust_rayon,parquet_wide_uncompressed,1000000,2_storage_opt,0,2.110888,0.005845,0.045067,2.059768,2.11068,0.0,176,89.4,100.0,100.0,2419.1,2363.0,False
356ff538-4054-4170-a822-57d41b314536,rust_rayon,parquet_wide_uncompressed,1000000,2_storage_opt,1,2.115663,0.004322,0.044716,2.066423,2.115461,0.0,175,89.3,100.0,100.0,2420.7,2366.0,False
356ff538-4054-4170-a822-57d41b314536,rust_rayon,parquet_wide_uncompressed,1000000,2_storage_opt,2,2.101705,0.004914,0.042672,2.05396,2.101546,0.0,175,89.3,100.0,100.0,2421.3,2359.0,False
356ff538-4054-4170-a822-57d41b314536,rust_rayon,parquet_wide_uncompressed,1000000,2_storage_opt,3,2.112633,0.004736,0.043199,2.064607,2.112542,0.0,175,87.7,100.0,100.0,2423.0,2360.0,False
356ff538-4054-4170-a822-57d41b314536,rust_rayon,parquet_wide_uncompressed,1000000,2_storage_opt,4,2.117884,0.004902,0.043555,2.069324,2.117781,0.0,175,89.4,100.0,100.0,2423.8,2368.6,False
36bddd20-6d79-4183-a7ed-86f1e96c52bc,numpy_vectorised,parquet_wide_snappy,1000000,2_storage_opt,0,5.716604,0.004891,0.043331,5.668205,5.716427,0.0,435,17.5,100.0,96.7,21983.2,15167.2,False
36bddd20-6d79-4183-a7ed-86f1e96c52bc,numpy_vectorised,parquet_wide_snappy,1000000,2_storage_opt,1,5.676243,0.004702,0.043342,5.628031,5.676075,0.0,433,17.5,100.0,99.7,21990.1,15174.7,False
36bddd20-6d79-4183-a7ed-86f1e96c52bc,numpy_vectorised,parquet_wide_snappy,1000000,2_storage_opt,2,5.732637,0.003839,0.043227,5.685425,5.7324910000000004,0.0,435,17.5,100.0,97.5,21990.4,15197.7,False
36bddd20-6d79-4183-a7ed-86f1e96c52bc,numpy_vectorised,parquet_wide_snappy,1000000,2_storage_opt,3,5.682368,0.004508,0.043437,5.634268,5.682213,0.0,433,17.3,100.0,99.7,21990.8,15169.1,False
36bddd20-6d79-4183-a7ed-86f1e96c52bc,numpy_vectorised,parquet_wide_snappy,1000000,2_storage_opt,4,5.658832,0.00449,0.042832,5.611354,5.658676000000001,0.0,431,17.4,100.0,91.3,21991.3,15180.0,False
38341553-9713-4789-a83a-2e43870d6beb,numba_parallel,parquet_wide_uncompressed,1000,2_storage_opt,0,0.005896,0.004387,0.000341,0.000943,0.005671000000000001,0.0,10,0.0,0.0,0.0,259.8,259.8,False
38493971-fdfb-40ea-b393-1ce21abfa7a5,numba_parallel,parquet_wide_uncompressed,100,2_storage_opt,0,0.005277,0.004683,0.000273,0.000189,0.005144999999999999,0.0,10,0.0,0.0,0.0,240.4,240.4,False
38493971-fdfb-40ea-b393-1ce21abfa7a5,numba_parallel,parquet_wide_uncompressed,100,2_storage_opt,1,0.004588,0.004031,0.000231,0.000214,0.004476,0.0,9,7.7,7.7,7.7,241.6,241.6,False
38493971-fdfb-40ea-b393-1ce21abfa7a5,numba_parallel,parquet_wide_uncompressed,100,2_storage_opt,2,0.004774,0.003897,0.000584,0.000194,0.0046749999999999995,0.0,9,7.7,7.7,7.7,242.2,242.2,False
38493971-fdfb-40ea-b393-1ce21abfa7a5,numba_parallel,parquet_wide_uncompressed,100,2_storage_opt,3,0.004242,0.003709,0.000267,0.000171,0.0041470000000000005,0.0,9,8.3,8.3,8.3,242.5,242.5,False
38493971-fdfb-40ea-b393-1ce21abfa7a5,numba_parallel,parquet_wide_uncompressed,100,2_storage_opt,4,0.004213,0.003714,0.000227,0.000182,0.004123,0.0,9,0.0,0.0,0.0,243.0,243.0,False
40ef408a-c619-4981-bb68-5a9cce337196,rust_rayon,parquet_wide_uncompressed,100000,2_storage_opt,0,0.236516,0.004943,0.010472,0.220084,0.235499,0.0,28,79.9,94.5,94.2,326.4,310.9,False
40ef408a-c619-4981-bb68-5a9cce337196,rust_rayon,parquet_wide_uncompressed,100000,2_storage_opt,1,0.225062,0.004661,0.010302,0.20908,0.224043,0.0,25,84.3,100.0,100.0,330.5,314.3,False
40ef408a-c619-4981-bb68-5a9cce337196,rust_rayon,parquet_wide_uncompressed,100000,2_storage_opt,2,0.218468,0.004443,0.010361,0.202696,0.2175,0.0,25,84.8,100.0,100.0,331.3,315.1,False
40ef408a-c619-4981-bb68-5a9cce337196,rust_rayon,parquet_wide_uncompressed,100000,2_storage_opt,3,0.218983,0.003951,0.010299,0.20357,0.21782,0.0,25,85.0,100.0,100.0,331.9,316.0,False
40ef408a-c619-4981-bb68-5a9cce337196,rust_rayon,parquet_wide_uncompressed,100000,2_storage_opt,4,0.220876,0.005027,0.010647,0.20414,0.21981399999999998,0.0,25,84.1,100.0,100.0,331.5,314.7,False
410122a4-4c67-4a00-af9f-2e08d4952d3b,cpp_openmp,parquet_wide_uncompressed,1000000,2_storage_opt,0,1.156613,0.004559,0.044162,1.107682,1.156403,0.0,100,77.6,100.0,100.0,2418.4,2319.9,False
410122a4-4c67-4a00-af9f-2e08d4952d3b,cpp_openmp,parquet_wide_uncompressed,1000000,2_storage_opt,1,1.147789,0.004607,0.043385,1.099622,1.1476140000000001,0.0,99,77.4,100.0,100.0,2422.3,2308.5,False
410122a4-4c67-4a00-af9f-2e08d4952d3b,cpp_openmp,parquet_wide_uncompressed,1000000,2_storage_opt,2,1.161524,0.004418,0.042971,1.113972,1.1613609999999999,0.0,101,75.9,100.0,100.0,2423.0,2311.3,False
410122a4-4c67-4a00-af9f-2e08d4952d3b,cpp_openmp,parquet_wide_uncompressed,1000000,2_storage_opt,3,1.29159,0.0042,0.04703,1.240259,1.291489,0.0,111,67.5,100.0,100.0,2424.3,2320.6,False
410122a4-4c67-4a00-af9f-2e08d4952d3b,cpp_openmp,parquet_wide_uncompressed,1000000,2_storage_opt,4,1.17922,0.004432,0.044223,1.130438,1.179093,0.0,101,75.1,100.0,100.0,2424.6,2311.0,False
44c29b50-a630-48fa-9841-61aed014fe1d,numpy_vectorised,parquet_per_stock,100000,2_storage_opt,0,0.613757,0.037679,0.004924,0.570995,0.613598,0.0,352,27.6,100.0,100.0,3086.9,2333.2,False
44c29b50-a630-48fa-9841-61aed014fe1d,numpy_vectorised,parquet_per_stock,100000,2_storage_opt,1,0.600002,0.0412,0.004853,0.553753,0.5998060000000001,0.0,352,25.8,100.0,100.0,3087.2,2302.3,False
44c29b50-a630-48fa-9841-61aed014fe1d,numpy_vectorised,parquet_per_stock,100000,2_storage_opt,2,0.652081,0.040198,0.005006,0.60671,0.651914,0.0,356,27.4,100.0,99.3,3087.2,2323.1,False
44c29b50-a630-48fa-9841-61aed014fe1d,numpy_vectorised,parquet_per_stock,100000,2_storage_opt,3,0.59717,0.036022,0.004846,0.556152,0.59702,0.0,350,26.9,100.0,100.0,3087.2,2331.0,False
44c29b50-a630-48fa-9841-61aed014fe1d,numpy_vectorised,parquet_per_stock,100000,2_storage_opt,4,0.592928,0.036445,0.004824,0.551502,0.592771,0.0,350,26.9,100.0,100.0,3087.2,2331.3,False
46370384-629d-40cb-b2ac-a6322a72de32,cpp_openmp,parquet_wide_uncompressed,1000,2_storage_opt,0,0.005851,0.003578,0.000261,0.001921,0.0057599999999999995,0.0,9,7.1,7.1,7.1,1021.5,1021.5,False
46370384-629d-40cb-b2ac-a6322a72de32,cpp_openmp,parquet_wide_uncompressed,1000,2_storage_opt,1,0.00556,0.003297,0.000259,0.001932,0.005488,0.0,9,7.7,7.7,7.7,1021.5,1021.5,False
46370384-629d-40cb-b2ac-a6322a72de32,cpp_openmp,parquet_wide_uncompressed,1000,2_storage_opt,2,0.005307,0.003061,0.000252,0.001928,0.005241,0.0,9,26.7,26.7,26.7,1021.5,1021.5,False
46370384-629d-40cb-b2ac-a6322a72de32,cpp_openmp,parquet_wide_uncompressed,1000,2_storage_opt,3,0.005321,0.003047,0.00028,0.001932,0.005259,0.0,9,26.7,26.7,26.7,1021.6,1021.6,False
46370384-629d-40cb-b2ac-a6322a72de32,cpp_openmp,parquet_wide_uncompressed,1000,2_storage_opt,4,0.00482,0.003026,0.00025,0.001477,0.004753,0.0,9,33.3,33.3,33.3,1021.6,1021.6,False
4993b90c-7d46-4bde-b285-668652e35147,rust_rayon,parquet_wide_uncompressed,1000,2_storage_opt,0,0.008129,0.004243,0.000378,0.003337,0.007958,0.0,10,29.2,29.2,29.2,125.9,125.9,False
4993b90c-7d46-4bde-b285-668652e35147,rust_rayon,parquet_wide_uncompressed,1000,2_storage_opt,1,0.007237,0.004141,0.000317,0.00257,0.0070279999999999995,0.0,9,26.3,26.3,26.3,128.1,128.1,False
4993b90c-7d46-4bde-b285-668652e35147,rust_rayon,parquet_wide_uncompressed,1000,2_storage_opt,2,0.009171,0.005355,0.000643,0.002932,0.00893,0.0,9,28.0,28.0,28.0,128.9,128.9,False
4993b90c-7d46-4bde-b285-668652e35147,rust_rayon,parquet_wide_uncompressed,1000,2_storage_opt,3,0.007849,0.004528,0.000286,0.002736,0.007549999999999999,0.0,9,39.1,39.1,39.1,129.4,129.4,False
4993b90c-7d46-4bde-b285-668652e35147,rust_rayon,parquet_wide_uncompressed,1000,2_storage_opt,4,0.008266,0.004042,0.000292,0.00366,0.007994,0.0,9,41.7,41.7,41.7,129.9,129.9,False
4d6bafac-cc5d-486c-9c11-31e9952532b5,numpy_vectorised,parquet_per_stock,1000000,2_storage_opt,0,5.637647,0.038126,0.043109,5.55621,5.6374450000000005,0.0,728,16.8,100.0,100.0,21961.0,15069.1,False
4d6bafac-cc5d-486c-9c11-31e9952532b5,numpy_vectorised,parquet_per_stock,1000000,2_storage_opt,1,5.789257,0.037587,0.042875,5.708626,5.789088,0.0,738,16.4,100.0,98.6,21961.0,15059.9,False
4d6bafac-cc5d-486c-9c11-31e9952532b5,numpy_vectorised,parquet_per_stock,1000000,2_storage_opt,2,5.657667,0.03767,0.045344,5.574497,5.657511,0.0,728,16.9,100.0,99.9,21961.0,15062.0,False
4d6bafac-cc5d-486c-9c11-31e9952532b5,numpy_vectorised,parquet_per_stock,1000000,2_storage_opt,3,5.662969,0.039068,0.043297,5.580439,5.662804,0.0,728,16.9,100.0,100.0,21961.0,15064.4,False
4d6bafac-cc5d-486c-9c11-31e9952532b5,numpy_vectorised,parquet_per_stock,1000000,2_storage_opt,4,5.714084,0.041151,0.042866,5.629899,5.713916,0.0,734,16.7,100.0,92.3,21961.0,15009.5,False
4fd1c706-4523-46cb-be12-eb6266f2ab50,cpp_openmp,parquet_wide_uncompressed,100000,2_storage_opt,0,0.130878,0.004984,0.011376,0.113111,0.129471,0.0,20,69.4,100.0,100.0,326.2,299.9,False
4fd1c706-4523-46cb-be12-eb6266f2ab50,cpp_openmp,parquet_wide_uncompressed,100000,2_storage_opt,1,0.127701,0.004667,0.010337,0.111528,0.126532,0.0,19,63.8,100.0,100.0,329.0,285.5,False
4fd1c706-4523-46cb-be12-eb6266f2ab50,cpp_openmp,parquet_wide_uncompressed,100000,2_storage_opt,2,0.126961,0.004472,0.010242,0.11099,0.125704,0.0,19,64.4,100.0,100.0,329.8,286.5,False
4fd1c706-4523-46cb-be12-eb6266f2ab50,cpp_openmp,parquet_wide_uncompressed,100000,2_storage_opt,3,0.145625,0.00418,0.010265,0.130069,0.14451399999999998,0.0,19,59.4,95.8,94.9,330.3,306.2,False
4fd1c706-4523-46cb-be12-eb6266f2ab50,cpp_openmp,parquet_wide_uncompressed,100000,2_storage_opt,4,0.127388,0.004798,0.01036,0.111052,0.12621,0.0,19,64.7,100.0,100.0,330.5,286.9,False
53a0fa96-7de2-4d81-bd35-e3657e4284ad,rust_rayon,parquet_wide_uncompressed,1000000,2_storage_opt,0,2.08842,0.004232,0.042605,2.041479,2.088316,0.0,173,89.9,100.0,100.0,2581.4,2527.7,False
53a0fa96-7de2-4d81-bd35-e3657e4284ad,rust_rayon,parquet_wide_uncompressed,1000000,2_storage_opt,1,2.078183,0.004741,0.042371,2.030907,2.078019,0.0,173,89.2,100.0,100.0,2584.2,2521.2,False
53a0fa96-7de2-4d81-bd35-e3657e4284ad,rust_rayon,parquet_wide_uncompressed,1000000,2_storage_opt,2,2.072312,0.004348,0.042363,2.025444,2.072155,0.0,173,89.1,100.0,100.0,2584.3,2521.1,False
53a0fa96-7de2-4d81-bd35-e3657e4284ad,rust_rayon,parquet_wide_uncompressed,1000000,2_storage_opt,3,2.086119,0.004385,0.042424,2.039155,2.085964,0.0,173,89.2,100.0,100.0,2584.4,2530.6,False
53a0fa96-7de2-4d81-bd35-e3657e4284ad,rust_rayon,parquet_wide_uncompressed,1000000,2_storage_opt,4,2.0845,0.004593,0.042022,2.037718,2.084333,0.0,173,89.3,100.0,100.0,2584.4,2530.8,False
585cad50-dca2-493e-b0db-6f5513ea8e77,cpp_openmp,parquet_wide_uncompressed,100,2_storage_opt,0,0.004267,0.003737,0.000215,0.000203,0.004155,0.0,9,8.3,8.3,8.3,1029.2,1029.2,False
585cad50-dca2-493e-b0db-6f5513ea8e77,cpp_openmp,parquet_wide_uncompressed,100,2_storage_opt,1,0.00349,0.003006,0.000209,0.000218,0.003433,0.0,9,0.0,0.0,0.0,1029.2,1029.2,False
585cad50-dca2-493e-b0db-6f5513ea8e77,cpp_openmp,parquet_wide_uncompressed,100,2_storage_opt,2,0.003316,0.002843,0.000211,0.000196,0.00325,0.0,9,10.0,10.0,10.0,1029.3,1029.3,False
585cad50-dca2-493e-b0db-6f5513ea8e77,cpp_openmp,parquet_wide_uncompressed,100,2_storage_opt,3,0.003517,0.002986,0.000273,0.000196,0.0034549999999999997,0.0,9,10.0,10.0,10.0,1029.6,1029.6,False
585cad50-dca2-493e-b0db-6f5513ea8e77,cpp_openmp,parquet_wide_uncompressed,100,2_storage_opt,4,0.003613,0.003137,0.000204,0.000216,0.0035570000000000003,0.0,9,0.0,0.0,0.0,1029.6,1029.6,False
598d5d76-1578-4a7d-9641-2dbda33a7909,numpy_vectorised,csv_wide,1000000,1_csv_baseline,0,5.60503,0.009056,0.042235,5.553576,5.604867,0.0,435,16.9,100.0,100.0,21940.1,15131.1,False
598d5d76-1578-4a7d-9641-2dbda33a7909,numpy_vectorised,csv_wide,1000000,1_csv_baseline,1,5.65682,0.008796,0.042865,5.604988,5.656649,0.0,439,16.7,100.0,100.0,21940.1,15153.3,False
598d5d76-1578-4a7d-9641-2dbda33a7909,numpy_vectorised,csv_wide,1000000,1_csv_baseline,2,5.60581,0.009205,0.046913,5.549549,5.6056669999999995,0.0,435,16.9,100.0,98.7,21940.1,15098.5,False
598d5d76-1578-4a7d-9641-2dbda33a7909,numpy_vectorised,csv_wide,1000000,1_csv_baseline,3,5.599241,0.009217,0.042111,5.54777,5.599098,0.0,435,16.8,100.0,98.7,21940.1,15141.9,False
598d5d76-1578-4a7d-9641-2dbda33a7909,numpy_vectorised,csv_wide,1000000,1_csv_baseline,4,5.610015,0.009213,0.042607,5.557943,5.609763,0.0,437,17.0,100.0,100.0,21940.1,15118.3,False
5e7aa85b-6457-44cc-b5dd-ca174044b9d4,numpy_vectorised,parquet_wide_snappy,100000,2_storage_opt,0,0.565914,0.004268,0.004706,0.556773,0.565747,0.0,51,28.0,100.0,100.0,3108.1,2429.0,False
5e7aa85b-6457-44cc-b5dd-ca174044b9d4,numpy_vectorised,parquet_wide_snappy,100000,2_storage_opt,1,0.568686,0.003883,0.004662,0.559976,0.568521,0.0,51,29.5,100.0,100.0,3109.5,2427.8,False
5e7aa85b-6457-44cc-b5dd-ca174044b9d4,numpy_vectorised,parquet_wide_snappy,100000,2_storage_opt,2,0.566891,0.004186,0.0047,0.557842,0.5667279999999999,0.0,51,28.0,100.0,100.0,3110.2,2425.6,False
5e7aa85b-6457-44cc-b5dd-ca174044b9d4,numpy_vectorised,parquet_wide_snappy,100000,2_storage_opt,3,0.569933,0.004743,0.004604,0.560433,0.56978,0.0,51,29.4,100.0,100.0,3110.8,2422.5,False
5e7aa85b-6457-44cc-b5dd-ca174044b9d4,numpy_vectorised,parquet_wide_snappy,100000,2_storage_opt,4,0.57384,0.004105,0.0048,0.564786,0.5736910000000001,0.0,53,28.1,100.0,100.0,3111.8,2410.1,False
65bbc2f5-f1f3-4837-8f98-d617d869f1a1,rust_rayon,parquet_wide_uncompressed,1000,2_storage_opt,0,0.014553,0.006838,0.000524,0.007088,0.014450000000000001,0.0,9,51.2,51.2,51.2,1023.8,1023.8,False
65bbc2f5-f1f3-4837-8f98-d617d869f1a1,rust_rayon,parquet_wide_uncompressed,1000,2_storage_opt,1,0.016746,0.007171,0.00066,0.008803,0.016634000000000003,0.0,9,51.1,51.1,51.1,1023.8,1023.8,False
65bbc2f5-f1f3-4837-8f98-d617d869f1a1,rust_rayon,parquet_wide_uncompressed,1000,2_storage_opt,2,0.015425,0.007215,0.000535,0.007307,0.015057000000000001,0.0,9,48.8,48.8,48.8,1023.9,1023.9,False
65bbc2f5-f1f3-4837-8f98-d617d869f1a1,rust_rayon,parquet_wide_uncompressed,1000,2_storage_opt,3,0.010415,0.005895,0.00032,0.003935,0.01015,0.0,9,37.0,37.0,37.0,1023.9,1023.9,False
65bbc2f5-f1f3-4837-8f98-d617d869f1a1,rust_rayon,parquet_wide_uncompressed,1000,2_storage_opt,4,0.016026,0.006899,0.000705,0.008157,0.015760999999999997,0.0,9,46.5,46.5,46.5,1023.9,1023.9,False
660e34e1-840c-4245-84a5-d8bc19ecc934,rust_rayon,parquet_wide_uncompressed,1000000,2_storage_opt,0,2.2997,0.005095,0.100805,2.18603,2.2919300000000002,0.0,192,82.2,100.0,100.0,2799.8,2708.1,False
660e34e1-840c-4245-84a5-d8bc19ecc934,rust_rayon,parquet_wide_uncompressed,1000000,2_storage_opt,1,2.327875,0.004871,0.10075,2.214596,2.320217,0.0,193,81.2,100.0,100.0,2801.0,2709.8,False
660e34e1-840c-4245-84a5-d8bc19ecc934,rust_rayon,parquet_wide_uncompressed,1000000,2_storage_opt,2,2.282119,0.004349,0.101778,2.167687,2.273814,0.0,189,82.9,100.0,100.0,2801.7,2709.1,False
660e34e1-840c-4245-84a5-d8bc19ecc934,rust_rayon,parquet_wide_uncompressed,1000000,2_storage_opt,3,2.281769,0.004275,0.100607,2.168452,2.2733339999999997,0.0,189,82.9,100.0,100.0,2802.3,2710.2,False
660e34e1-840c-4245-84a5-d8bc19ecc934,rust_rayon,parquet_wide_uncompressed,1000000,2_storage_opt,4,2.292205,0.004207,0.101154,2.178318,2.283679,0.0,189,83.0,100.0,100.0,2802.9,2709.6,False
696c32f8-7901-4e61-b18b-f8d3f1648c87,numpy_vectorised,csv_per_stock,1000000,1_csv_baseline,0,5.760757,0.069427,0.04312,5.648053,5.7606,0.0,736,16.7,100.0,100.0,21938.9,14971.3,False
696c32f8-7901-4e61-b18b-f8d3f1648c87,numpy_vectorised,csv_per_stock,1000000,1_csv_baseline,1,5.758157,0.068711,0.04268,5.646561,5.757952,0.0,736,17.0,100.0,100.0,21938.9,14971.2,False
696c32f8-7901-4e61-b18b-f8d3f1648c87,numpy_vectorised,csv_per_stock,1000000,1_csv_baseline,2,5.722668,0.069403,0.043441,5.609673,5.722517,0.0,732,16.9,100.0,100.0,21938.9,14911.4,False
696c32f8-7901-4e61-b18b-f8d3f1648c87,numpy_vectorised,csv_per_stock,1000000,1_csv_baseline,3,5.784689,0.069146,0.042741,5.672646,5.784533000000001,0.0,738,16.8,100.0,99.2,21938.9,14962.5,False
696c32f8-7901-4e61-b18b-f8d3f1648c87,numpy_vectorised,csv_per_stock,1000000,1_csv_baseline,4,5.87295,0.070305,0.043783,5.758713,5.872801,0.0,744,16.4,100.0,98.7,21938.9,14885.5,False
69f85a65-8c16-4fe1-bbe3-cc2375157d16,rust_rayon,parquet_wide_uncompressed,100000,2_storage_opt,0,0.242449,0.005149,0.010516,0.225004,0.24066900000000002,0.0,28,84.3,100.0,100.0,325.3,309.7,False
69f85a65-8c16-4fe1-bbe3-cc2375157d16,rust_rayon,parquet_wide_uncompressed,100000,2_storage_opt,1,0.241808,0.004553,0.010846,0.2249,0.24029899999999998,0.0,27,84.0,100.0,100.0,328.2,313.2,False
69f85a65-8c16-4fe1-bbe3-cc2375157d16,rust_rayon,parquet_wide_uncompressed,100000,2_storage_opt,2,0.238676,0.006389,0.010858,0.220501,0.23774800000000001,0.0,27,83.5,100.0,100.0,328.9,313.3,False
69f85a65-8c16-4fe1-bbe3-cc2375157d16,rust_rayon,parquet_wide_uncompressed,100000,2_storage_opt,3,0.24017,0.005001,0.010514,0.223309,0.238824,0.0,27,83.2,100.0,100.0,329.6,314.7,False
69f85a65-8c16-4fe1-bbe3-cc2375157d16,rust_rayon,parquet_wide_uncompressed,100000,2_storage_opt,4,0.235024,0.005524,0.010433,0.217902,0.233859,0.0,27,76.5,97.1,97.1,329.2,314.1,False
6cbe5d53-bc52-4f89-a2f8-88c1a495bd70,cpp_openmp,parquet_wide_uncompressed,100000,2_storage_opt,0,0.106863,0.004811,0.004545,0.0973,0.106656,0.0,17,83.8,100.0,100.0,1030.8,1030.8,False
6cbe5d53-bc52-4f89-a2f8-88c1a495bd70,cpp_openmp,parquet_wide_uncompressed,100000,2_storage_opt,1,0.115544,0.004403,0.004998,0.105951,0.11535200000000001,0.0,17,85.4,100.0,100.0,1031.5,1031.5,False
6cbe5d53-bc52-4f89-a2f8-88c1a495bd70,cpp_openmp,parquet_wide_uncompressed,100000,2_storage_opt,2,0.106903,0.004989,0.004518,0.097228,0.106735,0.0,17,78.3,100.0,100.0,1031.5,1031.5,False
6cbe5d53-bc52-4f89-a2f8-88c1a495bd70,cpp_openmp,parquet_wide_uncompressed,100000,2_storage_opt,3,0.115301,0.006173,0.006415,0.102464,0.115052,0.0,17,81.7,100.0,100.0,1031.6,1031.6,False
6cbe5d53-bc52-4f89-a2f8-88c1a495bd70,cpp_openmp,parquet_wide_uncompressed,100000,2_storage_opt,4,0.106803,0.004638,0.00452,0.097408,0.106566,0.0,17,78.4,100.0,100.0,1031.6,1031.6,False
6e505d5c-7a14-4e26-adaf-cd8d5ecbdee7,numpy_vectorised,csv_per_stock,100000,1_csv_baseline,0,0.648913,0.067938,0.010437,0.569404,0.647779,0.0,356,24.2,100.0,100.0,2319.6,1416.2,False
6e505d5c-7a14-4e26-adaf-cd8d5ecbdee7,numpy_vectorised,csv_per_stock,100000,1_csv_baseline,1,0.652749,0.067902,0.011278,0.572294,0.651474,0.0,356,24.2,100.0,100.0,2323.2,1446.0,False
6e505d5c-7a14-4e26-adaf-cd8d5ecbdee7,numpy_vectorised,csv_per_stock,100000,1_csv_baseline,2,0.650335,0.068287,0.010494,0.570245,0.649026,0.0,354,25.2,100.0,100.0,2323.2,1463.9,False
6e505d5c-7a14-4e26-adaf-cd8d5ecbdee7,numpy_vectorised,csv_per_stock,100000,1_csv_baseline,3,0.646975,0.068383,0.010448,0.566797,0.645628,0.0,354,25.0,100.0,100.0,2323.2,1468.9,False
6e505d5c-7a14-4e26-adaf-cd8d5ecbdee7,numpy_vectorised,csv_per_stock,100000,1_csv_baseline,4,0.648181,0.068189,0.010418,0.56823,0.646837,0.0,354,25.0,100.0,100.0,2323.2,1462.7,False
71589f55-d082-4e24-adc3-b46efd2b9b95,rust_rayon,parquet_wide_uncompressed,100,2_storage_opt,0,0.005002,0.004218,0.000292,0.00034,0.00485,0.0,10,0.0,0.0,0.0,124.8,124.8,False
71589f55-d082-4e24-adc3-b46efd2b9b95,rust_rayon,parquet_wide_uncompressed,100,2_storage_opt,1,0.004597,0.003909,0.000239,0.000333,0.004481,0.0,9,8.3,8.3,8.3,126.0,126.0,False
71589f55-d082-4e24-adc3-b46efd2b9b95,rust_rayon,parquet_wide_uncompressed,100,2_storage_opt,2,0.004484,0.003797,0.000234,0.000326,0.004357,0.0,9,21.4,21.4,21.4,126.3,126.3,False
71589f55-d082-4e24-adc3-b46efd2b9b95,rust_rayon,parquet_wide_uncompressed,100,2_storage_opt,3,0.004782,0.004124,0.000227,0.000312,0.004663,0.0,9,7.7,7.7,7.7,126.8,126.8,False
71589f55-d082-4e24-adc3-b46efd2b9b95,rust_rayon,parquet_wide_uncompressed,100,2_storage_opt,4,0.005466,0.004559,0.000381,0.000386,0.005326,0.0,9,12.5,12.5,12.5,127.3,127.3,False
76fd2b1b-e4c4-437b-bf77-5e91ba131409,numpy_vectorised,parquet_wide_uncompressed,100000,2_storage_opt,0,0.58943,0.004322,0.01046,0.573428,0.58821,0.0,54,26.9,100.0,99.7,2327.8,1606.4,False
76fd2b1b-e4c4-437b-bf77-5e91ba131409,numpy_vectorised,parquet_wide_uncompressed,100000,2_storage_opt,1,0.596271,0.004732,0.010193,0.580155,0.5950799999999999,0.0,53,26.9,100.0,100.0,2332.2,1618.4,False
76fd2b1b-e4c4-437b-bf77-5e91ba131409,numpy_vectorised,parquet_wide_uncompressed,100000,2_storage_opt,2,0.585642,0.004214,0.010357,0.56987,0.584441,0.0,53,27.9,100.0,99.7,2332.9,1619.4,False
78371712-15da-42a2-97f6-70a90dfadb69,rust_rayon,parquet_wide_uncompressed,1000,2_storage_opt,0,0.007863,0.00467,0.000322,0.002562,0.007554,0.0,10,28.6,28.6,28.6,126.1,126.1,False
7da2880f-6c7a-49bc-8590-6c0e6d770b14,rust_rayon,parquet_wide_uncompressed,100000,2_storage_opt,0,0.198191,0.00467,0.004565,0.188772,0.198007,0.0,23,92.2,100.0,100.0,1024.5,1024.4,False
7da2880f-6c7a-49bc-8590-6c0e6d770b14,rust_rayon,parquet_wide_uncompressed,100000,2_storage_opt,1,0.198936,0.00457,0.004654,0.189393,0.19861700000000002,0.0,23,92.2,100.0,100.0,1024.8,1024.8,False
7da2880f-6c7a-49bc-8590-6c0e6d770b14,rust_rayon,parquet_wide_uncompressed,100000,2_storage_opt,2,0.198926,0.004647,0.004548,0.189533,0.19872800000000002,0.0,23,92.2,100.0,100.0,1024.8,1024.8,False
7da2880f-6c7a-49bc-8590-6c0e6d770b14,rust_rayon,parquet_wide_uncompressed,100000,2_storage_opt,3,0.202227,0.004524,0.004574,0.192929,0.20202699999999998,0.0,25,92.9,100.0,100.0,1024.8,1024.8,False
7da2880f-6c7a-49bc-8590-6c0e6d770b14,rust_rayon,parquet_wide_uncompressed,100000,2_storage_opt,4,0.19838,0.004217,0.004696,0.189284,0.198197,0.0,23,92.5,100.0,100.0,1024.9,1024.9,False
7da96fcb-6589-4443-a023-f6d2d8a43b34,numpy_vectorised,parquet_wide_snappy,100,2_storage_opt,0,0.011841,0.010891,0.00035,0.00037,0.011611,0.0,10,97.1,97.1,97.1,1182.3,1182.3,False
7da96fcb-6589-4443-a023-f6d2d8a43b34,numpy_vectorised,parquet_wide_snappy,100,2_storage_opt,1,0.014754,0.007767,0.000528,0.006394,0.014689,0.0,9,100.0,100.0,100.0,1183.4,1183.4,False
7da96fcb-6589-4443-a023-f6d2d8a43b34,numpy_vectorised,parquet_wide_snappy,100,2_storage_opt,2,0.00536,0.004647,0.000305,0.000354,0.005306,0.0,9,100.0,100.0,100.0,1184.3,1184.3,False
7da96fcb-6589-4443-a023-f6d2d8a43b34,numpy_vectorised,parquet_wide_snappy,100,2_storage_opt,3,0.010326,0.009303,0.000591,0.000376,0.01027,0.0,9,100.0,100.0,100.0,1184.8,1184.8,False
7da96fcb-6589-4443-a023-f6d2d8a43b34,numpy_vectorised,parquet_wide_snappy,100,2_storage_opt,4,0.00871,0.007729,0.000316,0.000353,0.008398,0.0,9,96.0,96.0,96.0,1185.7,1185.7,False
7f16fb8a-7429-4310-a255-3b163e06b5fe,numpy_vectorised,csv_per_stock,1000,1_csv_baseline,0,0.084855,0.07832,0.000562,0.005882,0.084764,0.0,312,88.1,100.0,100.0,120.3,120.1,False
7f16fb8a-7429-4310-a255-3b163e06b5fe,numpy_vectorised,csv_per_stock,1000,1_csv_baseline,1,0.084498,0.077836,0.000534,0.006045,0.084415,0.0,312,92.2,100.0,100.0,122.4,120.3,False
7f16fb8a-7429-4310-a255-3b163e06b5fe,numpy_vectorised,csv_per_stock,1000,1_csv_baseline,2,0.088769,0.078087,0.000569,0.008573,0.087229,0.0,312,92.2,100.0,100.0,120.2,119.9,False
7f16fb8a-7429-4310-a255-3b163e06b5fe,numpy_vectorised,csv_per_stock,1000,1_csv_baseline,3,0.084686,0.077921,0.000531,0.006158,0.08461,0.0,312,89.7,100.0,100.0,124.2,121.2,False
7f16fb8a-7429-4310-a255-3b163e06b5fe,numpy_vectorised,csv_per_stock,1000,1_csv_baseline,4,0.094184,0.078381,0.000544,0.015177,0.094102,0.0,312,93.4,100.0,100.0,120.2,120.2,False
7f1901a3-5001-4142-a77e-81b2be580a69,rust_rayon,parquet_wide_uncompressed,100000,2_storage_opt,0,0.202587,0.004965,0.004612,0.192834,0.202411,0.0,25,93.2,100.0,100.0,1058.3,1058.2,False
7f1901a3-5001-4142-a77e-81b2be580a69,rust_rayon,parquet_wide_uncompressed,100000,2_storage_opt,1,0.202209,0.004793,0.00456,0.192697,0.20205,0.0,23,92.1,100.0,100.0,1058.8,1058.8,False
7f1901a3-5001-4142-a77e-81b2be580a69,rust_rayon,parquet_wide_uncompressed,100000,2_storage_opt,2,0.202774,0.005043,0.004677,0.19286,0.20258,0.0,23,92.1,100.0,100.0,1059.0,1058.9,False
7f1901a3-5001-4142-a77e-81b2be580a69,rust_rayon,parquet_wide_uncompressed,100000,2_storage_opt,3,0.204049,0.004785,0.004685,0.194393,0.20386300000000002,0.0,25,93.0,100.0,100.0,1059.0,1059.0,False
7f1901a3-5001-4142-a77e-81b2be580a69,rust_rayon,parquet_wide_uncompressed,100000,2_storage_opt,4,0.199867,0.005106,0.004705,0.189858,0.19966899999999999,0.0,23,91.8,100.0,100.0,1059.1,1059.1,False
7f6b825e-98c7-45b1-ac5f-db7dde32144e,pandas_baseline,csv_per_stock,1000,1_csv_baseline,0,0.08597,0.067625,0.000519,0.017549,0.085693,0.0,312,3.8,4.2,4.2,114.1,112.2,False
7f6b825e-98c7-45b1-ac5f-db7dde32144e,pandas_baseline,csv_per_stock,1000,1_csv_baseline,1,0.088455,0.067007,0.000522,0.020653,0.088182,0.0,312,4.6,5.6,5.2,114.1,112.3,False
7f6b825e-98c7-45b1-ac5f-db7dde32144e,pandas_baseline,csv_per_stock,1000,1_csv_baseline,2,0.088288,0.067145,0.000489,0.020337,0.087971,0.0,312,4.2,4.2,4.2,114.6,112.6,False
7f6b825e-98c7-45b1-ac5f-db7dde32144e,pandas_baseline,csv_per_stock,1000,1_csv_baseline,3,0.08559,0.067438,0.000531,0.017332,0.085301,0.0,312,4.6,5.5,5.2,114.5,112.5,False
7f6b825e-98c7-45b1-ac5f-db7dde32144e,pandas_baseline,csv_per_stock,1000,1_csv_baseline,4,0.085245,0.067191,0.000482,0.017286,0.08495899999999999,0.0,312,4.2,5.6,5.2,115.0,112.7,False
80237303-245c-4d27-ac18-d53b17573c29,numba_parallel,parquet_wide_uncompressed,100000,2_storage_opt,0,0.126764,0.005107,0.010614,0.109235,0.124956,0.0,20,66.8,100.0,100.0,435.4,390.9,False
80237303-245c-4d27-ac18-d53b17573c29,numba_parallel,parquet_wide_uncompressed,100000,2_storage_opt,1,0.144965,0.004641,0.010622,0.128301,0.143564,0.0,19,59.2,97.3,95.8,438.5,413.2,False
80237303-245c-4d27-ac18-d53b17573c29,numba_parallel,parquet_wide_uncompressed,100000,2_storage_opt,2,0.12234,0.005215,0.010839,0.105049,0.121103,0.0,17,67.7,100.0,100.0,439.3,408.9,False
80237303-245c-4d27-ac18-d53b17573c29,numba_parallel,parquet_wide_uncompressed,100000,2_storage_opt,3,0.121315,0.004413,0.010406,0.105184,0.120003,0.0,17,68.7,100.0,100.0,439.8,410.6,False
80237303-245c-4d27-ac18-d53b17573c29,numba_parallel,parquet_wide_uncompressed,100000,2_storage_opt,4,0.124434,0.005018,0.010587,0.107325,0.12293,0.0,17,68.0,100.0,100.0,440.4,410.4,False
88052052-ff6f-4916-b07c-865c5f5b7d50,numpy_vectorised,csv_wide,1000,1_csv_baseline,0,0.015476,0.01154,0.000621,0.002752,0.014913,0.0,17,100.0,100.0,100.0,1157.0,1157.0,False
88052052-ff6f-4916-b07c-865c5f5b7d50,numpy_vectorised,csv_wide,1000,1_csv_baseline,1,0.015304,0.011884,0.000392,0.002942,0.015218,0.0,17,100.0,100.0,100.0,1157.0,1157.0,False
88052052-ff6f-4916-b07c-865c5f5b7d50,numpy_vectorised,csv_wide,1000,1_csv_baseline,2,0.015112,0.011922,0.000376,0.002738,0.015036,0.0,17,100.0,100.0,100.0,1157.0,1157.0,False
88052052-ff6f-4916-b07c-865c5f5b7d50,numpy_vectorised,csv_wide,1000,1_csv_baseline,3,0.014917,0.011699,0.000398,0.002737,0.014834,0.0,17,100.0,100.0,100.0,1157.0,1157.0,False
88052052-ff6f-4916-b07c-865c5f5b7d50,numpy_vectorised,csv_wide,1000,1_csv_baseline,4,0.015664,0.011704,0.000387,0.0035,0.015591,0.0,17,100.0,100.0,100.0,1157.0,1157.0,False
88f6252a-521f-483a-8741-822edcbd5d0e,rust_rayon,parquet_wide_uncompressed,100000,2_storage_opt,0,0.239725,0.005121,0.010419,0.223118,0.238658,0.0,28,82.2,100.0,100.0,326.0,310.5,False
88f6252a-521f-483a-8741-822edcbd5d0e,rust_rayon,parquet_wide_uncompressed,100000,2_storage_opt,1,0.238251,0.004587,0.010362,0.222432,0.23738099999999998,0.0,27,82.1,100.0,100.0,329.9,315.2,False
88f6252a-521f-483a-8741-822edcbd5d0e,rust_rayon,parquet_wide_uncompressed,100000,2_storage_opt,2,0.236319,0.004274,0.010466,0.220722,0.235462,0.0,27,81.5,100.0,100.0,330.6,316.0,False
88f6252a-521f-483a-8741-822edcbd5d0e,rust_rayon,parquet_wide_uncompressed,100000,2_storage_opt,3,0.238324,0.004629,0.010728,0.221931,0.237288,0.0,27,82.1,100.0,100.0,331.4,316.6,False
88f6252a-521f-483a-8741-822edcbd5d0e,rust_rayon,parquet_wide_uncompressed,100000,2_storage_opt,4,0.243565,0.004762,0.010294,0.227655,0.242711,0.0,27,81.1,100.0,100.0,330.9,316.1,False
8a06cdf3-be54-496e-a2ed-1be89aaf2921,numpy_vectorised,parquet_wide_uncompressed,100000,2_storage_opt,0,0.573268,0.004247,0.004619,0.564246,0.5731120000000001,0.0,53,28.1,100.0,100.0,3137.3,2436.4,False
8a06cdf3-be54-496e-a2ed-1be89aaf2921,numpy_vectorised,parquet_wide_uncompressed,100000,2_storage_opt,1,0.582003,0.004426,0.004583,0.572905,0.581914,0.0,53,28.3,100.0,100.0,3137.3,2462.5,False
8a06cdf3-be54-496e-a2ed-1be89aaf2921,numpy_vectorised,parquet_wide_uncompressed,100000,2_storage_opt,2,0.604915,0.004464,0.004528,0.595775,0.604767,0.0,55,25.9,97.4,97.1,3137.4,2449.8,False
8a06cdf3-be54-496e-a2ed-1be89aaf2921,numpy_vectorised,parquet_wide_uncompressed,100000,2_storage_opt,3,0.572974,0.004521,0.004641,0.563662,0.572824,0.0,53,28.4,100.0,100.0,3137.4,2437.7,False
8a06cdf3-be54-496e-a2ed-1be89aaf2921,numpy_vectorised,parquet_wide_uncompressed,100000,2_storage_opt,4,0.570481,0.004077,0.004657,0.561605,0.570339,0.0,51,28.0,100.0,100.0,3137.4,2452.8,False
8a28c136-94fc-47ab-875b-f090d892bc78,rust_rayon,parquet_wide_uncompressed,100,2_storage_opt,0,0.005323,0.004569,0.000287,0.000333,0.005189,0.0,10,7.1,7.1,7.1,124.7,124.7,False
8a28c136-94fc-47ab-875b-f090d892bc78,rust_rayon,parquet_wide_uncompressed,100,2_storage_opt,1,0.004661,0.00399,0.000228,0.000334,0.004552,0.0,9,0.0,0.0,0.0,125.8,125.8,False
8a28c136-94fc-47ab-875b-f090d892bc78,rust_rayon,parquet_wide_uncompressed,100,2_storage_opt,2,0.004427,0.003711,0.000231,0.000363,0.004305,0.0,9,21.4,21.4,21.4,126.5,126.5,False
8a28c136-94fc-47ab-875b-f090d892bc78,rust_rayon,parquet_wide_uncompressed,100,2_storage_opt,3,0.004449,0.003743,0.000226,0.000349,0.004318,0.0,9,23.1,23.1,23.1,127.1,127.1,False
8a28c136-94fc-47ab-875b-f090d892bc78,rust_rayon,parquet_wide_uncompressed,100,2_storage_opt,4,0.006311,0.005233,0.000547,0.000386,0.006166,0.0,9,20.0,20.0,20.0,127.6,127.6,False
8b71ed6e-0651-4a2a-bfa8-e880668ec73d,numpy_vectorised,parquet_wide_uncompressed,1000,2_storage_opt,0,0.030983,0.013344,0.000702,0.016804,0.03085,0.0,12,97.6,97.7,97.7,132.0,132.0,False
8b71ed6e-0651-4a2a-bfa8-e880668ec73d,numpy_vectorised,parquet_wide_uncompressed,1000,2_storage_opt,1,0.014769,0.007302,0.0004,0.006939,0.014641000000000001,0.0,10,100.0,100.0,100.0,133.5,133.5,False
8b71ed6e-0651-4a2a-bfa8-e880668ec73d,numpy_vectorised,parquet_wide_uncompressed,1000,2_storage_opt,2,0.017353,0.009948,0.000425,0.006902,0.017275,0.0,9,97.9,97.9,97.9,134.0,134.0,False
90ddb422-d009-4722-81bc-968c52f6e819,rust_rayon,parquet_wide_uncompressed,1000,2_storage_opt,0,0.022989,0.004893,0.000346,0.017441,0.022680000000000002,0.0,10,9.2,9.2,9.2,126.0,126.0,False
90ddb422-d009-4722-81bc-968c52f6e819,rust_rayon,parquet_wide_uncompressed,1000,2_storage_opt,1,0.021513,0.004972,0.000366,0.015886,0.021224,0.0,9,6.7,6.7,6.7,127.2,127.2,False
90ddb422-d009-4722-81bc-968c52f6e819,rust_rayon,parquet_wide_uncompressed,1000,2_storage_opt,2,0.019976,0.005159,0.000288,0.014272,0.019719,0.0,9,8.8,8.8,8.8,127.9,127.9,False
90ddb422-d009-4722-81bc-968c52f6e819,rust_rayon,parquet_wide_uncompressed,1000,2_storage_opt,3,0.019255,0.004385,0.000276,0.014386,0.019047,0.0,9,7.4,7.4,7.4,128.5,128.5,False
90ddb422-d009-4722-81bc-968c52f6e819,rust_rayon,parquet_wide_uncompressed,1000,2_storage_opt,4,0.019544,0.004767,0.000301,0.014171,0.019239,0.0,9,5.6,5.6,5.6,129.0,129.0,False
92fae279-4608-4433-bd9d-61cf1db5f1e9,numba_parallel,parquet_wide_uncompressed,1000,2_storage_opt,0,0.008937,0.006247,0.000424,0.002026,0.008697,0.0,9,16.0,16.0,16.0,243.8,243.8,False
92fae279-4608-4433-bd9d-61cf1db5f1e9,numba_parallel,parquet_wide_uncompressed,1000,2_storage_opt,1,0.005693,0.003872,0.000298,0.001306,0.005476,0.0,9,23.5,23.5,23.5,244.2,244.2,False
92fae279-4608-4433-bd9d-61cf1db5f1e9,numba_parallel,parquet_wide_uncompressed,1000,2_storage_opt,2,0.005318,0.003628,0.000282,0.001242,0.005152,0.0,9,25.0,25.0,25.0,244.6,244.6,False
92fae279-4608-4433-bd9d-61cf1db5f1e9,numba_parallel,parquet_wide_uncompressed,1000,2_storage_opt,3,0.006025,0.003756,0.00026,0.001888,0.0059039999999999995,0.0,9,17.6,17.6,17.6,245.0,245.0,False
92fae279-4608-4433-bd9d-61cf1db5f1e9,numba_parallel,parquet_wide_uncompressed,1000,2_storage_opt,4,0.005154,0.003457,0.00027,0.001258,0.004985,0.0,9,26.7,26.7,26.7,245.1,245.1,False
989068e6-a53c-4296-817d-fe7870b99a89,numba_parallel,parquet_wide_uncompressed,100000,2_storage_opt,0,0.119059,0.004268,0.010902,0.103025,0.11819500000000001,0.0,17,66.2,100.0,97.2,446.7,417.4,False
989068e6-a53c-4296-817d-fe7870b99a89,numba_parallel,parquet_wide_uncompressed,100000,2_storage_opt,1,0.119401,0.00414,0.010114,0.104362,0.118616,0.0,17,66.7,100.0,96.6,448.7,419.6,False
989068e6-a53c-4296-817d-fe7870b99a89,numba_parallel,parquet_wide_uncompressed,100000,2_storage_opt,2,0.123835,0.004267,0.010211,0.108556,0.123034,0.0,17,69.1,100.0,100.0,449.2,420.5,False
989068e6-a53c-4296-817d-fe7870b99a89,numba_parallel,parquet_wide_uncompressed,100000,2_storage_opt,3,0.120006,0.0046,0.010225,0.104336,0.119161,0.0,17,66.8,100.0,97.2,449.6,420.6,False
989068e6-a53c-4296-817d-fe7870b99a89,numba_parallel,parquet_wide_uncompressed,100000,2_storage_opt,4,0.120225,0.004385,0.010348,0.104594,0.119327,0.0,17,69.0,100.0,100.0,449.8,420.8,False
a41dcac5-b130-4089-be03-f96d3eec39a7,numpy_vectorised,csv_per_stock,100,1_csv_baseline,0,0.084041,0.082811,0.000444,0.000646,0.08390099999999999,0.0,312,94.2,100.0,100.0,114.6,113.3,False
a41dcac5-b130-4089-be03-f96d3eec39a7,numpy_vectorised,csv_per_stock,100,1_csv_baseline,1,0.08177,0.079169,0.000464,0.000747,0.08038000000000001,0.0,312,97.7,100.0,100.0,114.6,114.2,False
a41dcac5-b130-4089-be03-f96d3eec39a7,numpy_vectorised,csv_per_stock,100,1_csv_baseline,2,0.082084,0.079313,0.000427,0.000675,0.08041499999999999,0.0,312,97.7,100.0,100.0,112.9,112.9,False
a41dcac5-b130-4089-be03-f96d3eec39a7,numpy_vectorised,csv_per_stock,100,1_csv_baseline,3,0.080755,0.079372,0.00049,0.000681,0.080543,0.0,312,95.1,100.0,100.0,114.6,113.3,False
a41dcac5-b130-4089-be03-f96d3eec39a7,numpy_vectorised,csv_per_stock,100,1_csv_baseline,4,0.080631,0.079262,0.000552,0.000676,0.08048999999999999,0.0,312,94.6,100.0,100.0,114.7,113.8,False
a56b1299-a326-4ea3-86b9-64d3b6603f97,numba_parallel,parquet_wide_uncompressed,1000,2_storage_opt,0,0.006538,0.004885,0.000323,0.001182,0.00639,0.0,10,11.8,11.8,11.8,242.1,242.1,False
a56b1299-a326-4ea3-86b9-64d3b6603f97,numba_parallel,parquet_wide_uncompressed,1000,2_storage_opt,1,0.005487,0.003972,0.000272,0.00113,0.0053739999999999994,0.0,9,7.1,7.1,7.1,244.1,244.1,False
a56b1299-a326-4ea3-86b9-64d3b6603f97,numba_parallel,parquet_wide_uncompressed,1000,2_storage_opt,2,0.005237,0.003401,0.000621,0.001106,0.005128,0.0,9,25.0,25.0,25.0,244.8,244.8,False
a56b1299-a326-4ea3-86b9-64d3b6603f97,numba_parallel,parquet_wide_uncompressed,1000,2_storage_opt,3,0.005082,0.003626,0.000249,0.001101,0.0049759999999999995,0.0,9,7.7,7.7,7.7,245.3,245.3,False
a56b1299-a326-4ea3-86b9-64d3b6603f97,numba_parallel,parquet_wide_uncompressed,1000,2_storage_opt,4,0.005272,0.003725,0.000256,0.001178,0.005159,0.0,9,20.0,20.0,20.0,245.8,245.8,False
a61f34ea-d4d8-40a9-9fec-ef4d7a13dcb5,cpp_openmp,parquet_wide_uncompressed,100,2_storage_opt,0,0.004345,0.003763,0.000223,0.000283,0.004269,0.0,9,0.0,0.0,0.0,1021.0,1021.0,False
a61f34ea-d4d8-40a9-9fec-ef4d7a13dcb5,cpp_openmp,parquet_wide_uncompressed,100,2_storage_opt,1,0.004821,0.003936,0.00052,0.000295,0.004751,0.0,9,7.7,7.7,7.7,1021.0,1021.0,False
a61f34ea-d4d8-40a9-9fec-ef4d7a13dcb5,cpp_openmp,parquet_wide_uncompressed,100,2_storage_opt,2,0.003514,0.00294,0.00021,0.000304,0.003454,0.0,9,11.1,11.1,11.1,1021.0,1021.0,False
a61f34ea-d4d8-40a9-9fec-ef4d7a13dcb5,cpp_openmp,parquet_wide_uncompressed,100,2_storage_opt,3,0.003501,0.002907,0.000236,0.000299,0.0034419999999999997,0.0,9,0.0,0.0,0.0,1021.0,1021.0,False
a61f34ea-d4d8-40a9-9fec-ef4d7a13dcb5,cpp_openmp,parquet_wide_uncompressed,100,2_storage_opt,4,0.003917,0.003338,0.000211,0.0003,0.0038489999999999996,0.0,9,16.7,16.7,16.7,1021.4,1021.4,False
b0868694-8091-44cc-a1c2-0019adb8d862,numba_parallel,parquet_wide_uncompressed,1000000,2_storage_opt,0,1.0533,0.005051,0.042995,1.00506,1.053106,0.0,92,69.1,100.0,100.0,2519.8,2412.8,False
b0868694-8091-44cc-a1c2-0019adb8d862,numba_parallel,parquet_wide_uncompressed,1000000,2_storage_opt,1,1.071777,0.004844,0.043313,1.023437,1.071594,0.0,93,66.6,100.0,100.0,2521.1,2399.1,False
b0868694-8091-44cc-a1c2-0019adb8d862,numba_parallel,parquet_wide_uncompressed,1000000,2_storage_opt,2,1.027008,0.004842,0.043673,0.978342,1.0268570000000001,0.0,89,70.2,100.0,100.0,2521.7,2412.0,False
b0868694-8091-44cc-a1c2-0019adb8d862,numba_parallel,parquet_wide_uncompressed,1000000,2_storage_opt,3,1.020048,0.004905,0.043178,0.971779,1.019862,0.0,89,70.0,100.0,100.0,2522.4,2393.6,False
b0868694-8091-44cc-a1c2-0019adb8d862,numba_parallel,parquet_wide_uncompressed,1000000,2_storage_opt,4,1.025765,0.004465,0.043007,0.978204,1.025676,0.0,89,70.2,100.0,100.0,2523.0,2413.1,False
b11237b8-8f96-423c-bb15-64346d784956,cpp_openmp,parquet_wide_uncompressed,1000000,2_storage_opt,0,1.148179,0.00488,0.042463,1.100683,1.148026,0.0,100,77.0,100.0,100.0,2417.9,2304.8,False
b11237b8-8f96-423c-bb15-64346d784956,cpp_openmp,parquet_wide_uncompressed,1000000,2_storage_opt,1,1.156544,0.004478,0.042601,1.109288,1.1563670000000001,0.0,99,77.7,100.0,100.0,2419.0,2321.2,False
b11237b8-8f96-423c-bb15-64346d784956,cpp_openmp,parquet_wide_uncompressed,1000000,2_storage_opt,2,1.255066,0.005768,0.048898,1.200302,1.254968,0.0,107,68.3,100.0,97.1,2419.5,2324.9,False
b4a880cd-d450-4544-8cef-43746a5ddb2f,numpy_vectorised,parquet_wide_snappy,1000,2_storage_opt,0,0.019515,0.0159,0.000431,0.003101,0.019432,0.0,9,98.2,98.2,98.2,1187.1,1187.1,False
b4a880cd-d450-4544-8cef-43746a5ddb2f,numpy_vectorised,parquet_wide_snappy,1000,2_storage_opt,1,0.017999,0.011252,0.000672,0.005894,0.017818,0.0,9,98.0,98.0,98.0,1188.0,1188.0,False
b4a880cd-d450-4544-8cef-43746a5ddb2f,numpy_vectorised,parquet_wide_snappy,1000,2_storage_opt,2,0.022935,0.014605,0.000678,0.007558,0.022841,0.0,9,96.9,96.9,96.9,1189.0,1189.0,False
b4a880cd-d450-4544-8cef-43746a5ddb2f,numpy_vectorised,parquet_wide_snappy,1000,2_storage_opt,3,0.017674,0.008219,0.000688,0.00867,0.017577000000000002,0.0,9,97.9,97.9,97.9,1189.1,1189.1,False
b4a880cd-d450-4544-8cef-43746a5ddb2f,numpy_vectorised,parquet_wide_snappy,1000,2_storage_opt,4,0.017649,0.014168,0.000428,0.002949,0.017544999999999998,0.0,9,98.0,98.0,98.0,1189.9,1189.9,False
b8fdc6fa-f3c4-473c-94af-19183ea471c0,rust_rayon,parquet_wide_uncompressed,100,2_storage_opt,0,0.004548,0.00382,0.000255,0.0004,0.004475000000000001,0.0,10,31.3,31.3,31.3,1078.6,1078.6,False
b8fdc6fa-f3c4-473c-94af-19183ea471c0,rust_rayon,parquet_wide_uncompressed,100,2_storage_opt,1,0.004207,0.003514,0.000241,0.000389,0.004144,0.0,9,10.0,10.0,10.0,1078.6,1078.6,False
b8fdc6fa-f3c4-473c-94af-19183ea471c0,rust_rayon,parquet_wide_uncompressed,100,2_storage_opt,2,0.004275,0.003562,0.000235,0.000418,0.004215,0.0,9,33.3,33.3,33.3,1078.7,1078.7,False
b8fdc6fa-f3c4-473c-94af-19183ea471c0,rust_rayon,parquet_wide_uncompressed,100,2_storage_opt,3,0.004265,0.003532,0.000258,0.000405,0.004195,0.0,9,9.1,9.1,9.1,1078.7,1078.7,False
b8fdc6fa-f3c4-473c-94af-19183ea471c0,rust_rayon,parquet_wide_uncompressed,100,2_storage_opt,4,0.004208,0.003481,0.000231,0.000429,0.004141,0.0,9,0.0,0.0,0.0,1078.7,1078.7,False
bc2bd65d-18f7-45d2-a6dd-af8a7aec168e,rust_rayon,parquet_wide_uncompressed,100,2_storage_opt,0,0.004512,0.003819,0.000225,0.000326,0.00437,0.0,10,14.3,14.3,14.3,1058.2,1058.2,False
bc2bd65d-18f7-45d2-a6dd-af8a7aec168e,rust_rayon,parquet_wide_uncompressed,100,2_storage_opt,1,0.004104,0.003429,0.000259,0.000357,0.004045,0.0,9,9.1,9.1,9.1,1058.2,1058.2,False
bc2bd65d-18f7-45d2-a6dd-af8a7aec168e,rust_rayon,parquet_wide_uncompressed,100,2_storage_opt,2,0.004312,0.003678,0.000236,0.000329,0.004243,0.0,9,0.0,0.0,0.0,1058.3,1058.3,False
bc2bd65d-18f7-45d2-a6dd-af8a7aec168e,rust_rayon,parquet_wide_uncompressed,100,2_storage_opt,3,0.0038,0.003187,0.000232,0.000311,0.0037300000000000002,0.0,9,9.1,9.1,9.1,1058.4,1058.4,False
bc2bd65d-18f7-45d2-a6dd-af8a7aec168e,rust_rayon,parquet_wide_uncompressed,100,2_storage_opt,4,0.003929,0.003292,0.000235,0.000332,0.0038589999999999996,0.0,9,23.1,23.1,23.1,1058.4,1058.4,False
bd315871-6dc2-4785-8fff-1b334e2a6a93,cpp_openmp,parquet_wide_uncompressed,100000,2_storage_opt,0,0.107948,0.005364,0.004553,0.097835,0.107752,0.0,17,85.1,100.0,100.0,1022.4,1022.4,False
bd315871-6dc2-4785-8fff-1b334e2a6a93,cpp_openmp,parquet_wide_uncompressed,100000,2_storage_opt,1,0.124719,0.00462,0.004493,0.115395,0.124508,0.0,17,77.4,95.8,95.2,1022.7,1022.7,False
bd315871-6dc2-4785-8fff-1b334e2a6a93,cpp_openmp,parquet_wide_uncompressed,100000,2_storage_opt,2,0.108272,0.004944,0.004504,0.098642,0.10808999999999999,0.0,17,80.7,100.0,100.0,1023.2,1023.2,False
bd315871-6dc2-4785-8fff-1b334e2a6a93,cpp_openmp,parquet_wide_uncompressed,100000,2_storage_opt,3,0.108129,0.00436,0.004597,0.098999,0.107956,0.0,17,84.0,100.0,100.0,1023.2,1023.2,False
bd315871-6dc2-4785-8fff-1b334e2a6a93,cpp_openmp,parquet_wide_uncompressed,100000,2_storage_opt,4,0.109916,0.004274,0.004536,0.100926,0.109736,0.0,17,78.3,100.0,100.0,1023.3,1023.3,False
bdd99af0-4b22-4d0f-aefd-716ef4229264,rust_rayon,parquet_wide_uncompressed,100,2_storage_opt,0,0.005502,0.004667,0.000278,0.000361,0.005306,0.0,10,22.2,22.2,22.2,124.8,124.8,False
bdd99af0-4b22-4d0f-aefd-716ef4229264,rust_rayon,parquet_wide_uncompressed,100,2_storage_opt,1,0.004595,0.003862,0.000227,0.000399,0.004488,0.0,9,21.4,21.4,21.4,125.8,125.8,False
bdd99af0-4b22-4d0f-aefd-716ef4229264,rust_rayon,parquet_wide_uncompressed,100,2_storage_opt,2,0.004358,0.003656,0.000231,0.000352,0.004239,0.0,9,8.3,8.3,8.3,126.4,126.4,False
bdd99af0-4b22-4d0f-aefd-716ef4229264,rust_rayon,parquet_wide_uncompressed,100,2_storage_opt,3,0.00443,0.00363,0.000265,0.000398,0.004293,0.0,9,8.3,8.3,8.3,126.8,126.8,False
bdd99af0-4b22-4d0f-aefd-716ef4229264,rust_rayon,parquet_wide_uncompressed,100,2_storage_opt,4,0.006428,0.005151,0.000382,0.00062,0.0061530000000000005,0.0,9,20.0,20.0,20.0,127.2,127.2,False
bede7585-c464-4771-8836-026bc43d921d,rust_rayon,parquet_wide_uncompressed,100,2_storage_opt,0,0.00508,0.004344,0.000273,0.000318,0.004934999999999999,0.0,10,7.1,7.1,7.1,124.8,124.8,False
bede7585-c464-4771-8836-026bc43d921d,rust_rayon,parquet_wide_uncompressed,100,2_storage_opt,1,0.004314,0.003651,0.000225,0.000326,0.004202,0.0,9,15.4,15.4,15.4,126.1,126.1,False
bede7585-c464-4771-8836-026bc43d921d,rust_rayon,parquet_wide_uncompressed,100,2_storage_opt,2,0.004352,0.003696,0.000221,0.000317,0.004234,0.0,9,0.0,0.0,0.0,126.6,126.6,False
bede7585-c464-4771-8836-026bc43d921d,rust_rayon,parquet_wide_uncompressed,100,2_storage_opt,3,0.004571,0.003882,0.000227,0.000333,0.004442,0.0,9,7.7,7.7,7.7,127.2,127.2,False
bede7585-c464-4771-8836-026bc43d921d,rust_rayon,parquet_wide_uncompressed,100,2_storage_opt,4,0.005243,0.004326,0.000322,0.000439,0.005087,0.0,9,7.1,7.1,7.1,127.6,127.6,False
c23a921c-f471-4e3f-8be9-6aa2a35fbd0f,numpy_vectorised,parquet_wide_uncompressed,1000000,2_storage_opt,0,5.628585,0.005272,0.043068,5.580053,5.628393,0.0,430,17.4,100.0,100.0,21933.8,15089.9,False
c23a921c-f471-4e3f-8be9-6aa2a35fbd0f,numpy_vectorised,parquet_wide_uncompressed,1000000,2_storage_opt,1,5.631693,0.004605,0.042835,5.584083,5.631523,0.0,429,17.2,100.0,97.1,21938.9,15068.2,False
c23a921c-f471-4e3f-8be9-6aa2a35fbd0f,numpy_vectorised,parquet_wide_uncompressed,1000000,2_storage_opt,2,5.71936,0.0056,0.043141,5.67046,5.719201,0.0,437,17.4,100.0,98.6,21939.7,15019.5,False
c3177181-001e-4e5e-bd4e-a4f377fe62b6,numba_parallel,parquet_wide_uncompressed,100000,2_storage_opt,0,0.125265,0.004093,0.010427,0.10958,0.1241,0.0,17,68.2,100.0,100.0,448.6,419.7,False
c3177181-001e-4e5e-bd4e-a4f377fe62b6,numba_parallel,parquet_wide_uncompressed,100000,2_storage_opt,1,0.118848,0.003952,0.010327,0.103521,0.1178,0.0,17,67.3,100.0,97.7,450.5,421.3,False
c3177181-001e-4e5e-bd4e-a4f377fe62b6,numba_parallel,parquet_wide_uncompressed,100000,2_storage_opt,2,0.142576,0.004494,0.010385,0.126604,0.141483,0.0,19,53.6,95.7,86.4,450.6,426.4,False
c3177181-001e-4e5e-bd4e-a4f377fe62b6,numba_parallel,parquet_wide_uncompressed,100000,2_storage_opt,3,0.119274,0.00429,0.010459,0.103396,0.118145,0.0,17,66.0,100.0,96.6,449.7,420.7,False
c3177181-001e-4e5e-bd4e-a4f377fe62b6,numba_parallel,parquet_wide_uncompressed,100000,2_storage_opt,4,0.119415,0.004375,0.010328,0.103469,0.118172,0.0,17,66.1,100.0,97.7,450.3,421.3,False
c6a0ca56-b930-45bc-b5ba-bb1b40dd5ea9,numpy_vectorised,parquet_wide_uncompressed,1000000,2_storage_opt,0,5.659331,0.004993,0.043701,5.610474,5.659168,0.0,431,17.6,100.0,100.0,22001.1,15185.7,False
c6a0ca56-b930-45bc-b5ba-bb1b40dd5ea9,numpy_vectorised,parquet_wide_uncompressed,1000000,2_storage_opt,1,5.729189,0.004182,0.043819,5.681025,5.729026,0.0,435,17.5,100.0,98.2,22001.1,15159.8,False
c6a0ca56-b930-45bc-b5ba-bb1b40dd5ea9,numpy_vectorised,parquet_wide_uncompressed,1000000,2_storage_opt,2,5.638599,0.004501,0.043548,5.590403,5.638452,0.0,427,17.3,100.0,97.2,22001.1,15169.5,False
c6a0ca56-b930-45bc-b5ba-bb1b40dd5ea9,numpy_vectorised,parquet_wide_uncompressed,1000000,2_storage_opt,3,5.667267,0.004219,0.043626,5.619279,5.667123999999999,0.0,431,17.5,100.0,97.2,22001.2,15158.3,False
c6a0ca56-b930-45bc-b5ba-bb1b40dd5ea9,numpy_vectorised,parquet_wide_uncompressed,1000000,2_storage_opt,4,5.694007,0.00463,0.043741,5.645492,5.693863,0.0,433,17.5,100.0,99.7,22001.2,15198.1,False
c84860c7-29c0-4b8d-819c-719152ae8693,numpy_vectorised,parquet_per_stock,1000,2_storage_opt,0,0.07612,0.071292,0.000786,0.002956,0.07503399999999999,0.0,310,100.0,100.0,100.0,1167.1,1167.1,False
c84860c7-29c0-4b8d-819c-719152ae8693,numpy_vectorised,parquet_per_stock,1000,2_storage_opt,1,0.077776,0.069031,0.000769,0.006,0.0758,0.0,312,100.0,100.0,100.0,1167.1,1167.1,False
c84860c7-29c0-4b8d-819c-719152ae8693,numpy_vectorised,parquet_per_stock,1000,2_storage_opt,2,0.074518,0.070059,0.000932,0.002907,0.07389799999999999,0.0,310,100.0,100.0,100.0,1167.1,1167.1,False
c84860c7-29c0-4b8d-819c-719152ae8693,numpy_vectorised,parquet_per_stock,1000,2_storage_opt,3,0.071445,0.067702,0.000768,0.002866,0.071336,0.0,310,100.0,100.0,100.0,1167.1,1167.1,False
c84860c7-29c0-4b8d-819c-719152ae8693,numpy_vectorised,parquet_per_stock,1000,2_storage_opt,4,0.071127,0.067519,0.000752,0.002775,0.071046,0.0,310,100.0,100.0,100.0,1167.1,1167.1,False
cc3d5da2-67a7-483e-a720-ce02b3d9f939,numpy_vectorised,parquet_wide_zstd,1000,2_storage_opt,0,0.020707,0.013077,0.000631,0.006889,0.020597,0.0,9,100.0,100.0,100.0,1210.5,1210.5,False
cc3d5da2-67a7-483e-a720-ce02b3d9f939,numpy_vectorised,parquet_wide_zstd,1000,2_storage_opt,1,0.022962,0.013649,0.000639,0.00858,0.022868,0.0,9,100.0,100.0,100.0,1210.5,1210.5,False
cc3d5da2-67a7-483e-a720-ce02b3d9f939,numpy_vectorised,parquet_wide_zstd,1000,2_storage_opt,2,0.02313,0.015525,0.000659,0.006787,0.022971,0.0,9,100.0,100.0,100.0,1211.0,1211.0,False
cc3d5da2-67a7-483e-a720-ce02b3d9f939,numpy_vectorised,parquet_wide_zstd,1000,2_storage_opt,3,0.013322,0.009136,0.000683,0.003402,0.013221,0.0,9,97.4,97.4,97.4,1211.1,1211.1,False
cc3d5da2-67a7-483e-a720-ce02b3d9f939,numpy_vectorised,parquet_wide_zstd,1000,2_storage_opt,4,0.016049,0.008742,0.000632,0.00359,0.012964,0.0,9,100.0,100.0,100.0,1211.1,1211.1,False
cd50747e-5d8b-493c-8c0c-632a49b219df,cpp_openmp,parquet_wide_uncompressed,1000,2_storage_opt,0,0.006936,0.004962,0.000298,0.001586,0.006846,0.0,9,11.8,11.8,11.8,1030.0,1030.0,False
cd50747e-5d8b-493c-8c0c-632a49b219df,cpp_openmp,parquet_wide_uncompressed,1000,2_storage_opt,1,0.005876,0.003594,0.000263,0.001872,0.005729,0.0,9,18.8,18.8,18.8,1030.3,1030.3,False
cd50747e-5d8b-493c-8c0c-632a49b219df,cpp_openmp,parquet_wide_uncompressed,1000,2_storage_opt,2,0.004918,0.003105,0.000259,0.001445,0.004809000000000001,0.0,9,23.1,23.1,23.1,1030.4,1030.4,False
cd50747e-5d8b-493c-8c0c-632a49b219df,cpp_openmp,parquet_wide_uncompressed,1000,2_storage_opt,3,0.005328,0.003082,0.000268,0.001902,0.005252,0.0,9,25.0,25.0,25.0,1030.4,1030.4,False
cd50747e-5d8b-493c-8c0c-632a49b219df,cpp_openmp,parquet_wide_uncompressed,1000,2_storage_opt,4,0.004944,0.003168,0.000249,0.001464,0.004881,0.0,9,26.7,26.7,26.7,1030.4,1030.4,False
d541fb24-e7d1-4ad0-890f-b3704bfe9010,numpy_vectorised,csv_wide,100000,1_csv_baseline,0,0.575227,0.009221,0.004627,0.561215,0.575063,0.0,61,26.9,100.0,100.0,3073.5,2358.1,False
d541fb24-e7d1-4ad0-890f-b3704bfe9010,numpy_vectorised,csv_wide,100000,1_csv_baseline,1,0.574317,0.008879,0.004566,0.560715,0.57416,0.0,61,26.5,100.0,100.0,3073.5,2358.0,False
d541fb24-e7d1-4ad0-890f-b3704bfe9010,numpy_vectorised,csv_wide,100000,1_csv_baseline,2,0.582457,0.008654,0.004543,0.569111,0.582308,0.0,61,26.9,100.0,100.0,3073.5,2381.3,False
d541fb24-e7d1-4ad0-890f-b3704bfe9010,numpy_vectorised,csv_wide,100000,1_csv_baseline,3,0.586298,0.009645,0.004539,0.571943,0.586127,0.0,61,26.7,100.0,100.0,3073.5,2382.2,False
d541fb24-e7d1-4ad0-890f-b3704bfe9010,numpy_vectorised,csv_wide,100000,1_csv_baseline,4,0.568677,0.00886,0.004668,0.554998,0.568526,0.0,59,27.9,100.0,100.0,3073.5,2377.6,False
d96956e4-c082-4885-a166-309efdddcc71,rust_rayon,parquet_wide_uncompressed,1000,2_storage_opt,0,0.007139,0.004187,0.000332,0.002359,0.0068779999999999996,0.0,10,30.0,30.0,30.0,126.3,126.3,False
d96956e4-c082-4885-a166-309efdddcc71,rust_rayon,parquet_wide_uncompressed,1000,2_storage_opt,1,0.008122,0.004039,0.000276,0.003462,0.007777,0.0,9,37.5,37.5,37.5,128.2,128.2,False
d96956e4-c082-4885-a166-309efdddcc71,rust_rayon,parquet_wide_uncompressed,1000,2_storage_opt,2,0.00931,0.00398,0.000283,0.004429,0.008692,0.0,9,40.7,40.7,40.7,128.7,128.7,False
d96956e4-c082-4885-a166-309efdddcc71,rust_rayon,parquet_wide_uncompressed,1000,2_storage_opt,3,0.013131,0.0046,0.000414,0.007506,0.01252,0.0,9,54.1,54.1,54.1,129.2,129.2,False
d96956e4-c082-4885-a166-309efdddcc71,rust_rayon,parquet_wide_uncompressed,1000,2_storage_opt,4,0.012011,0.005613,0.000419,0.005315,0.011347,0.0,9,40.6,40.6,40.6,129.3,129.3,False
dc045e28-44ff-49b0-9a11-0485bfb9dcd5,numba_parallel,parquet_wide_uncompressed,1000000,2_storage_opt,0,1.09867,0.004672,0.099883,0.986125,1.09068,0.0,95,65.7,100.0,100.0,2928.6,2738.9,False
dc045e28-44ff-49b0-9a11-0485bfb9dcd5,numba_parallel,parquet_wide_uncompressed,1000000,2_storage_opt,1,1.091729,0.004635,0.099297,0.979458,1.08339,0.0,95,66.0,100.0,100.0,2935.4,2746.5,False
dc045e28-44ff-49b0-9a11-0485bfb9dcd5,numba_parallel,parquet_wide_uncompressed,1000000,2_storage_opt,2,1.095217,0.004134,0.099523,0.983337,1.086994,0.0,95,65.5,100.0,100.0,2935.7,2747.1,False
dc045e28-44ff-49b0-9a11-0485bfb9dcd5,numba_parallel,parquet_wide_uncompressed,1000000,2_storage_opt,3,1.091081,0.004531,0.099372,0.978515,1.082418,0.0,95,65.7,100.0,100.0,2936.0,2746.5,False
dc045e28-44ff-49b0-9a11-0485bfb9dcd5,numba_parallel,parquet_wide_uncompressed,1000000,2_storage_opt,4,1.12977,0.004211,0.099742,1.012084,1.116037,0.0,97,62.9,100.0,100.0,2936.3,2752.4,False
dddaa9fa-eb90-4817-bb33-5fb0b0acd0a3,rust_rayon,parquet_wide_uncompressed,100000,2_storage_opt,0,0.221989,0.004674,0.010361,0.205597,0.220632,0.0,26,83.2,100.0,100.0,326.0,309.2,False
dddaa9fa-eb90-4817-bb33-5fb0b0acd0a3,rust_rayon,parquet_wide_uncompressed,100000,2_storage_opt,1,0.222576,0.004438,0.010605,0.206113,0.221156,0.0,25,85.1,100.0,100.0,329.0,312.5,False
dddaa9fa-eb90-4817-bb33-5fb0b0acd0a3,rust_rayon,parquet_wide_uncompressed,100000,2_storage_opt,2,0.220756,0.004714,0.010836,0.203865,0.219415,0.0,25,84.1,100.0,100.0,329.7,312.9,False
dddaa9fa-eb90-4817-bb33-5fb0b0acd0a3,rust_rayon,parquet_wide_uncompressed,100000,2_storage_opt,3,0.226593,0.004233,0.01035,0.210611,0.225194,0.0,25,84.4,100.0,100.0,330.4,314.2,False
dddaa9fa-eb90-4817-bb33-5fb0b0acd0a3,rust_rayon,parquet_wide_uncompressed,100000,2_storage_opt,4,0.22556,0.004747,0.010947,0.208627,0.224321,0.0,25,85.4,100.0,100.0,330.9,314.6,False
dfca2e43-95be-4f7a-b9b3-c45b09c316f9,cpp_openmp,parquet_wide_uncompressed,1000,2_storage_opt,0,0.006588,0.004704,0.000348,0.001378,0.00643,0.0,10,16.7,16.7,16.7,125.8,125.8,False
dfca2e43-95be-4f7a-b9b3-c45b09c316f9,cpp_openmp,parquet_wide_uncompressed,1000,2_storage_opt,1,0.005893,0.003894,0.000276,0.001587,0.005757,0.0,9,12.5,12.5,12.5,127.0,127.0,False
dfca2e43-95be-4f7a-b9b3-c45b09c316f9,cpp_openmp,parquet_wide_uncompressed,1000,2_storage_opt,2,0.005835,0.004088,0.000271,0.001338,0.005697,0.0,9,26.3,26.3,26.3,127.5,127.5,False
dfca2e43-95be-4f7a-b9b3-c45b09c316f9,cpp_openmp,parquet_wide_uncompressed,1000,2_storage_opt,3,0.007109,0.004655,0.000616,0.001668,0.006939000000000001,0.0,9,15.0,15.0,15.0,128.0,128.0,False
dfca2e43-95be-4f7a-b9b3-c45b09c316f9,cpp_openmp,parquet_wide_uncompressed,1000,2_storage_opt,4,0.005516,0.003453,0.000267,0.001567,0.005287,0.0,9,25.0,25.0,25.0,128.5,128.5,False
e4bba5a8-3f01-426d-9315-02cfa63df04d,numpy_vectorised,parquet_wide_zstd,100,2_storage_opt,0,0.017401,0.014789,0.000327,0.002111,0.017227,0.0,9,98.0,98.0,98.0,1209.1,1209.1,False
e4bba5a8-3f01-426d-9315-02cfa63df04d,numpy_vectorised,parquet_wide_zstd,100,2_storage_opt,1,0.018303,0.012339,0.000501,0.005407,0.018247,0.0,9,98.1,98.1,98.1,1209.1,1209.1,False
e4bba5a8-3f01-426d-9315-02cfa63df04d,numpy_vectorised,parquet_wide_zstd,100,2_storage_opt,2,0.020679,0.0124,0.00052,0.006353,0.019273,0.0,9,100.0,100.0,100.0,1209.1,1209.1,False
e4bba5a8-3f01-426d-9315-02cfa63df04d,numpy_vectorised,parquet_wide_zstd,100,2_storage_opt,3,0.016714,0.009353,0.00055,0.006341,0.016244,0.0,9,100.0,100.0,100.0,1209.2,1209.2,False
e4bba5a8-3f01-426d-9315-02cfa63df04d,numpy_vectorised,parquet_wide_zstd,100,2_storage_opt,4,0.020957,0.01395,0.000496,0.006429,0.020875,0.0,9,100.0,100.0,100.0,1209.5,1209.5,False
e779799a-cd1b-457d-9d9a-7319b64d2a6e,cpp_openmp,parquet_wide_uncompressed,1000000,2_storage_opt,0,1.190178,0.004459,0.042699,1.142848,1.1900060000000001,0.0,103,74.1,100.0,100.0,2573.0,2463.3,False
e779799a-cd1b-457d-9d9a-7319b64d2a6e,cpp_openmp,parquet_wide_uncompressed,1000000,2_storage_opt,1,1.12765,0.004686,0.043167,1.079636,1.127489,0.0,97,71.8,100.0,100.0,2575.6,2455.7,False
e779799a-cd1b-457d-9d9a-7319b64d2a6e,cpp_openmp,parquet_wide_uncompressed,1000000,2_storage_opt,2,1.148308,0.004375,0.04249,1.101292,1.1481569999999999,0.0,99,70.6,100.0,100.0,2575.6,2460.2,False
e779799a-cd1b-457d-9d9a-7319b64d2a6e,cpp_openmp,parquet_wide_uncompressed,1000000,2_storage_opt,3,1.150104,0.004337,0.043168,1.102445,1.1499499999999998,0.0,99,70.2,100.0,100.0,2575.7,2460.7,False
e779799a-cd1b-457d-9d9a-7319b64d2a6e,cpp_openmp,parquet_wide_uncompressed,1000000,2_storage_opt,4,1.156802,0.004524,0.042567,1.109594,1.156685,0.0,99,69.8,100.0,100.0,2575.7,2476.2,False
e86a0a5e-f56a-4d4c-9ecd-037647f4880a,numpy_vectorised,parquet_per_stock,100,2_storage_opt,0,0.080318,0.074219,0.000535,0.00471,0.07946399999999999,0.0,313,96.7,98.6,98.6,1288.3,1288.3,False
e86a0a5e-f56a-4d4c-9ecd-037647f4880a,numpy_vectorised,parquet_per_stock,100,2_storage_opt,1,0.072025,0.070754,0.000692,0.000517,0.071963,0.0,310,100.0,100.0,100.0,1288.4,1288.4,False
e86a0a5e-f56a-4d4c-9ecd-037647f4880a,numpy_vectorised,parquet_per_stock,100,2_storage_opt,2,0.078983,0.075914,0.000629,0.000492,0.077035,0.0,312,99.3,100.0,100.0,1288.4,1288.4,False
e86a0a5e-f56a-4d4c-9ecd-037647f4880a,numpy_vectorised,parquet_per_stock,100,2_storage_opt,3,0.070189,0.069135,0.000629,0.000348,0.07011200000000001,0.0,310,100.0,100.0,100.0,1288.4,1288.4,False
e86a0a5e-f56a-4d4c-9ecd-037647f4880a,numpy_vectorised,parquet_per_stock,100,2_storage_opt,4,0.070291,0.069212,0.000654,0.000362,0.070228,0.0,310,100.0,100.0,100.0,1288.4,1288.4,False
e87cae67-a8b6-4788-946f-9210d6126448,rust_rayon,parquet_wide_uncompressed,1000000,2_storage_opt,0,2.077455,0.004879,0.043122,2.029246,2.0772470000000003,0.0,174,89.3,100.0,100.0,2419.5,2356.5,False
e87cae67-a8b6-4788-946f-9210d6126448,rust_rayon,parquet_wide_uncompressed,1000000,2_storage_opt,1,2.136694,0.005212,0.042695,2.088568,2.136475,0.0,177,87.2,100.0,100.0,2420.9,2367.9,False
e87cae67-a8b6-4788-946f-9210d6126448,rust_rayon,parquet_wide_uncompressed,1000000,2_storage_opt,2,2.10484,0.004771,0.042778,2.057123,2.104672,0.0,173,88.5,100.0,100.0,2421.7,2367.8,False
e87cae67-a8b6-4788-946f-9210d6126448,rust_rayon,parquet_wide_uncompressed,1000000,2_storage_opt,3,2.077204,0.00448,0.043211,2.029356,2.077047,0.0,173,89.4,100.0,100.0,2422.1,2358.8,False
e87cae67-a8b6-4788-946f-9210d6126448,rust_rayon,parquet_wide_uncompressed,1000000,2_storage_opt,4,2.085268,0.00403,0.04382,2.037262,2.085112,0.0,173,89.8,100.0,100.0,2422.8,2368.1,False
eb9f1ce1-0d91-4315-81e1-65ecd734a852,pandas_baseline,csv_per_stock,100,1_csv_baseline,0,0.070164,0.067271,0.000434,0.002203,0.069908,0.0,311,4.2,4.3,4.3,110.8,110.7,False
eb9f1ce1-0d91-4315-81e1-65ecd734a852,pandas_baseline,csv_per_stock,100,1_csv_baseline,1,0.070958,0.068291,0.000474,0.001933,0.07069800000000001,0.0,310,4.2,4.3,4.3,111.2,110.9,False
eb9f1ce1-0d91-4315-81e1-65ecd734a852,pandas_baseline,csv_per_stock,100,1_csv_baseline,2,0.070102,0.067197,0.000435,0.002195,0.06982700000000001,0.0,310,4.3,4.6,4.5,111.1,110.9,False
eb9f1ce1-0d91-4315-81e1-65ecd734a852,pandas_baseline,csv_per_stock,100,1_csv_baseline,3,0.069839,0.067161,0.000481,0.001923,0.06956499999999999,0.0,310,3.7,4.2,4.2,111.3,111.2,False
eb9f1ce1-0d91-4315-81e1-65ecd734a852,pandas_baseline,csv_per_stock,100,1_csv_baseline,4,0.07078,0.067801,0.000467,0.002303,0.070571,0.0,310,5.4,5.6,5.6,111.2,111.0,False
edde06ab-82bc-43b7-a76d-9924de0d8bdd,cpp_openmp,parquet_wide_uncompressed,1000,2_storage_opt,0,0.008782,0.005137,0.000327,0.003018,0.008482,0.0,10,28.0,28.0,28.0,125.4,125.4,False
eeb7ec9c-f185-404c-a585-fe14f7f33296,rust_rayon,parquet_wide_uncompressed,1000,2_storage_opt,0,0.00808,0.004778,0.000327,0.002634,0.007739,0.0,10,28.6,28.6,28.6,126.1,126.1,False
eeb7ec9c-f185-404c-a585-fe14f7f33296,rust_rayon,parquet_wide_uncompressed,1000,2_storage_opt,1,0.007483,0.003728,0.000274,0.003178,0.007180000000000001,0.0,9,38.1,38.1,38.1,127.1,127.1,False
eeb7ec9c-f185-404c-a585-fe14f7f33296,rust_rayon,parquet_wide_uncompressed,1000,2_storage_opt,2,0.012558,0.005467,0.000443,0.00622,0.012129999999999998,0.0,9,47.4,47.4,47.4,127.5,127.5,False
eeb7ec9c-f185-404c-a585-fe14f7f33296,rust_rayon,parquet_wide_uncompressed,1000,2_storage_opt,3,0.011275,0.004101,0.000344,0.006424,0.010869,0.0,9,46.7,46.7,46.7,127.9,127.9,False
eeb7ec9c-f185-404c-a585-fe14f7f33296,rust_rayon,parquet_wide_uncompressed,1000,2_storage_opt,4,0.011112,0.005033,0.000373,0.005141,0.010547,0.0,9,47.1,47.1,47.1,128.5,128.5,False
f0ef449d-933d-4832-99b5-5790f232747b,rust_rayon,parquet_wide_uncompressed,100,2_storage_opt,0,0.007577,0.004434,0.000285,0.002686,0.007404999999999999,0.0,10,4.8,4.8,4.8,124.7,124.7,False
f0ef449d-933d-4832-99b5-5790f232747b,rust_rayon,parquet_wide_uncompressed,100,2_storage_opt,1,0.00683,0.003772,0.000232,0.002712,0.006716000000000001,0.0,9,5.3,5.3,5.3,125.7,125.7,False
f0ef449d-933d-4832-99b5-5790f232747b,rust_rayon,parquet_wide_uncompressed,100,2_storage_opt,2,0.007239,0.003981,0.000246,0.002896,0.007123,0.0,9,5.0,5.0,5.0,127.3,127.3,False
f0ef449d-933d-4832-99b5-5790f232747b,rust_rayon,parquet_wide_uncompressed,100,2_storage_opt,3,0.007539,0.003659,0.000222,0.003509,0.00739,0.0,9,4.8,4.8,4.8,127.9,127.9,False
f0ef449d-933d-4832-99b5-5790f232747b,rust_rayon,parquet_wide_uncompressed,100,2_storage_opt,4,0.006938,0.003763,0.000254,0.002809,0.006826,0.0,9,5.3,5.3,5.3,128.4,128.4,False
f77943ca-c664-4f20-944f-760ad9ab6250,cpp_openmp,parquet_wide_uncompressed,100,2_storage_opt,0,0.004698,0.004027,0.000284,0.000227,0.004538,0.0,10,14.3,14.3,14.3,123.9,123.9,False
f77943ca-c664-4f20-944f-760ad9ab6250,cpp_openmp,parquet_wide_uncompressed,100,2_storage_opt,1,0.004482,0.00389,0.000259,0.000237,0.004386,0.0,9,7.7,7.7,7.7,124.7,124.7,False
f77943ca-c664-4f20-944f-760ad9ab6250,cpp_openmp,parquet_wide_uncompressed,100,2_storage_opt,2,0.004562,0.003749,0.00036,0.000333,0.004442,0.0,9,8.3,8.3,8.3,125.1,125.1,False
f77943ca-c664-4f20-944f-760ad9ab6250,cpp_openmp,parquet_wide_uncompressed,100,2_storage_opt,3,0.004724,0.004107,0.000238,0.000266,0.0046110000000000005,0.0,9,7.7,7.7,7.7,126.1,126.1,False
f77943ca-c664-4f20-944f-760ad9ab6250,cpp_openmp,parquet_wide_uncompressed,100,2_storage_opt,4,0.00467,0.004103,0.00025,0.00022,0.004573,0.0,9,7.7,7.7,7.7,127.7,127.7,False
f7f3daac-add3-4eae-8d9d-0dd8e47ee925,numba_parallel,parquet_wide_uncompressed,1000000,2_storage_opt,0,1.083889,0.00469,0.043377,1.035654,1.0837210000000002,0.0,93,76.0,100.0,100.0,2542.9,2438.3,False
f7f3daac-add3-4eae-8d9d-0dd8e47ee925,numba_parallel,parquet_wide_uncompressed,1000000,2_storage_opt,1,1.150179,0.004383,0.042452,1.103155,1.14999,0.0,99,69.2,100.0,100.0,2546.0,2431.8,False
f7f3daac-add3-4eae-8d9d-0dd8e47ee925,numba_parallel,parquet_wide_uncompressed,1000000,2_storage_opt,2,1.099613,0.004216,0.042652,1.052661,1.099529,0.0,95,74.3,100.0,100.0,2546.4,2427.1,False
f7f3daac-add3-4eae-8d9d-0dd8e47ee925,numba_parallel,parquet_wide_uncompressed,1000000,2_storage_opt,3,1.157382,0.004383,0.042568,1.110341,1.157292,0.0,99,68.8,100.0,100.0,2546.6,2449.4,False
f7f3daac-add3-4eae-8d9d-0dd8e47ee925,numba_parallel,parquet_wide_uncompressed,1000000,2_storage_opt,4,1.081815,0.004308,0.047954,1.029397,1.081659,0.0,93,75.8,100.0,100.0,2546.7,2437.4,False
fdc5a4e9-99a8-457b-980b-a5712c012c61,numpy_vectorised,parquet_wide_uncompressed,1000,2_storage_opt,0,0.020556,0.014023,0.000628,0.005797,0.020448,0.0,9,100.0,100.0,100.0,1220.6,1220.6,False
fdc5a4e9-99a8-457b-980b-a5712c012c61,numpy_vectorised,parquet_wide_uncompressed,1000,2_storage_opt,1,0.017802,0.010296,0.000617,0.006787,0.0177,0.0,9,100.0,100.0,100.0,1220.6,1220.6,False
fdc5a4e9-99a8-457b-980b-a5712c012c61,numpy_vectorised,parquet_wide_uncompressed,1000,2_storage_opt,2,0.01577,0.009937,0.000624,0.005109,0.01567,0.0,9,100.0,100.0,100.0,1220.6,1220.6,False
fdc5a4e9-99a8-457b-980b-a5712c012c61,numpy_vectorised,parquet_wide_uncompressed,1000,2_storage_opt,3,0.026913,0.012492,0.000673,0.013675,0.02684,0.0,11,98.7,98.7,98.7,1220.6,1220.6,False
fdc5a4e9-99a8-457b-980b-a5712c012c61,numpy_vectorised,parquet_wide_uncompressed,1000,2_storage_opt,4,0.03099,0.01022,0.000626,0.020047,0.030892999999999997,0.0,11,100.0,100.0,100.0,1220.6,1220.6,False
